URL,Page type,Current WordPress status,Current robots setting,Placeholder count,Photo marker count,Verification marker count,Phone verified,Form dependency,Business-evidence dependency,Index-ready,Exact missing evidence,Recommended action
/concreters-oran-park/,suburb,publish,"global staging: noindex,nofollow,noarchive; page: noindex,follow",1,3,1,no — number present,none in page content,yes — legal/operating identity; plus any listed page-specific evidence,no,"verified legal/operating identity for CoreX Concreters Camden; ownership and call-routing proof for 03 4517 6915; confirm whether the Oran Park estate design guidelines require the driveway to be complete before the Occupation Certificate is issued — check the current Oran Park Estate Design Guidelines before publishing this claim.; verified project photograph, location/service/date record and permission to publish; insert your real per-m² ranges once you've quoted 5+ Camden jobs; authoritative media/Astra import and logged-out visual QA","Keep protected and noindex; resolve every listed item, then repeat staging QA before approval."
/concreters-leppington/,suburb,publish,"global staging: noindex,nofollow,noarchive; page: noindex,follow",0,3,0,no — number present,none in page content,yes — legal/operating identity; plus any listed page-specific evidence,no,verified legal/operating identity for CoreX Concreters Camden; ownership and call-routing proof for 03 4517 6915; verified CoreX project in Leppington; authoritative media/Astra import and logged-out visual QA,"Keep protected and noindex; resolve every listed item, then repeat staging QA before approval."
/concreters-gregory-hills/,suburb,publish,"global staging: noindex,nofollow,noarchive; page: noindex,follow",0,3,0,no — number present,none in page content,yes — legal/operating identity; plus any listed page-specific evidence,no,verified legal/operating identity for CoreX Concreters Camden; ownership and call-routing proof for 03 4517 6915; verified CoreX project in Gregory Hills; authoritative media/Astra import and logged-out visual QA,"Keep protected and noindex; resolve every listed item, then repeat staging QA before approval."
/concreters-gledswood-hills/,suburb,publish,"global staging: noindex,nofollow,noarchive; page: noindex,follow",0,3,0,no — number present,none in page content,yes — legal/operating identity; plus any listed page-specific evidence,no,verified legal/operating identity for CoreX Concreters Camden; ownership and call-routing proof for 03 4517 6915; verified CoreX project in Gledswood Hills; authoritative media/Astra import and logged-out visual QA,"Keep protected and noindex; resolve every listed item, then repeat staging QA before approval."
/concreters-austral/,suburb,publish,"global staging: noindex,nofollow,noarchive; page: noindex,follow",0,3,0,no — number present,none in page content,yes — legal/operating identity; plus any listed page-specific evidence,no,verified legal/operating identity for CoreX Concreters Camden; ownership and call-routing proof for 03 4517 6915; verified CoreX project in Austral; authoritative media/Astra import and logged-out visual QA,"Keep protected and noindex; resolve every listed item, then repeat staging QA before approval."
/concreters-harrington-park/,suburb,publish,"global staging: noindex,nofollow,noarchive; page: noindex,follow",0,3,0,no — number present,none in page content,yes — legal/operating identity; plus any listed page-specific evidence,no,verified legal/operating identity for CoreX Concreters Camden; ownership and call-routing proof for 03 4517 6915; verified CoreX project in Harrington Park; authoritative media/Astra import and logged-out visual QA,"Keep protected and noindex; resolve every listed item, then repeat staging QA before approval."
/,home,publish,"global staging: noindex,nofollow,noarchive; page: default (no page override)",6,0,0,no — number present,none in page content,yes — legal/operating identity; plus any listed page-specific evidence,no,verified legal/operating identity for CoreX Concreters Camden; ownership and call-routing proof for 03 4517 6915; verified CoreX review text and permission to publish; verified reviewer name; authoritative media/Astra import and logged-out visual QA,"Keep protected and noindex; resolve every listed item, then repeat staging QA before approval."
/contact/,utility,publish,"global staging: noindex,nofollow,noarchive; page: default (no page override)",2,0,0,no — number present,Fluent Forms ID 3 + verified recipient/privacy/SMTP,yes — legal/operating identity; plus any listed page-specific evidence,no,"verified legal/operating identity for CoreX Concreters Camden; ownership and call-routing proof for 03 4517 6915; approved Fluent Forms form 3, recipient email, privacy basis, SMTP and delivery test; verified CoreX ABN; verified CoreX business address; authoritative media/Astra import and logged-out visual QA","Keep protected and noindex; resolve every listed item, then repeat staging QA before approval."
/quote/,utility,publish,"global staging: noindex,nofollow,noarchive; page: default (no page override)",4,0,0,no — global contact presentation unverified,Fluent Forms ID 3 + verified recipient/privacy/SMTP,yes — legal/operating identity; plus any listed page-specific evidence,no,"verified legal/operating identity for CoreX Concreters Camden; verified global header/footer phone after Astra settings are supplied; approved Fluent Forms form 3, recipient email, privacy basis, SMTP and delivery test; operator-approved quote turnaround and inclusions; verified CoreX ABN; verified CoreX business address; authoritative media/Astra import and logged-out visual QA","Keep protected and noindex; resolve every listed item, then repeat staging QA before approval."
/about/,utility,publish,"global staging: noindex,nofollow,noarchive; page: default (no page override)",4,0,0,no — global contact presentation unverified,Fluent Forms ID 3 + verified recipient/privacy/SMTP,yes — legal/operating identity; plus any listed page-specific evidence,no,"verified legal/operating identity for CoreX Concreters Camden; verified global header/footer phone after Astra settings are supplied; approved Fluent Forms form 3, recipient email, privacy basis, SMTP and delivery test; verified licence, insurance and operator profile; verified CoreX ABN; verified CoreX business address; authoritative media/Astra import and logged-out visual QA","Keep protected and noindex; resolve every listed item, then repeat staging QA before approval."
/gallery/,utility,publish,"global staging: noindex,nofollow,noarchive; page: noindex,follow",2,2,0,no — global contact presentation unverified,Fluent Forms ID 3 + verified recipient/privacy/SMTP,yes — legal/operating identity; plus any listed page-specific evidence,no,"verified legal/operating identity for CoreX Concreters Camden; verified global header/footer phone after Astra settings are supplied; approved Fluent Forms form 3, recipient email, privacy basis, SMTP and delivery test; project image, suburb, service, completion date and permission to publish; verified CoreX ABN; verified CoreX business address; authoritative media/Astra import and logged-out visual QA","Keep protected and noindex; resolve every listed item, then repeat staging QA before approval."
/concrete-driveways-south-west-sydney/,service,publish,"global staging: noindex,nofollow,noarchive; page: default (no page override)",1,0,0,no — number present,none in page content,yes — legal/operating identity; plus any listed page-specific evidence,no,"verified legal/operating identity for CoreX Concreters Camden; ownership and call-routing proof for 03 4517 6915; operator-approved concrete driveways range from real CoreX quotes, including the assumptions behind it; authoritative media/Astra import and logged-out visual QA","Keep protected and noindex; resolve every listed item, then repeat staging QA before approval."
/concrete-driveway-replacement-south-west-sydney/,service,publish,"global staging: noindex,nofollow,noarchive; page: default (no page override)",1,0,0,no — number present,none in page content,yes — legal/operating identity; plus any listed page-specific evidence,no,"verified legal/operating identity for CoreX Concreters Camden; ownership and call-routing proof for 03 4517 6915; operator-approved concrete driveway replacement range from real CoreX quotes, including the assumptions behind it; authoritative media/Astra import and logged-out visual QA","Keep protected and noindex; resolve every listed item, then repeat staging QA before approval."
/concrete-slabs-south-west-sydney/,service,publish,"global staging: noindex,nofollow,noarchive; page: default (no page override)",1,0,0,no — global contact presentation unverified,none in page content,yes — legal/operating identity; plus any listed page-specific evidence,no,"verified legal/operating identity for CoreX Concreters Camden; verified global header/footer phone after Astra settings are supplied; operator-approved concrete slabs range from real CoreX quotes, including the assumptions behind it; authoritative media/Astra import and logged-out visual QA","Keep protected and noindex; resolve every listed item, then repeat staging QA before approval."
/shed-and-garage-slabs-south-west-sydney/,service,publish,"global staging: noindex,nofollow,noarchive; page: default (no page override)",1,0,0,no — global contact presentation unverified,none in page content,yes — legal/operating identity; plus any listed page-specific evidence,no,"verified legal/operating identity for CoreX Concreters Camden; verified global header/footer phone after Astra settings are supplied; operator-approved shed and garage slabs range from real CoreX quotes, including the assumptions behind it; authoritative media/Astra import and logged-out visual QA","Keep protected and noindex; resolve every listed item, then repeat staging QA before approval."
/exposed-aggregate-south-west-sydney/,service,publish,"global staging: noindex,nofollow,noarchive; page: default (no page override)",1,0,0,no — global contact presentation unverified,none in page content,yes — legal/operating identity; plus any listed page-specific evidence,no,"verified legal/operating identity for CoreX Concreters Camden; verified global header/footer phone after Astra settings are supplied; operator-approved exposed aggregate concrete range from real CoreX quotes, including the assumptions behind it; authoritative media/Astra import and logged-out visual QA","Keep protected and noindex; resolve every listed item, then repeat staging QA before approval."
/decorative-concrete-south-west-sydney/,service,publish,"global staging: noindex,nofollow,noarchive; page: default (no page override)",1,0,0,no — global contact presentation unverified,none in page content,yes — legal/operating identity; plus any listed page-specific evidence,no,"verified legal/operating identity for CoreX Concreters Camden; verified global header/footer phone after Astra settings are supplied; operator-approved decorative concrete range from real CoreX quotes, including the assumptions behind it; authoritative media/Astra import and logged-out visual QA","Keep protected and noindex; resolve every listed item, then repeat staging QA before approval."
/concrete-patios-south-west-sydney/,service,publish,"global staging: noindex,nofollow,noarchive; page: default (no page override)",3,0,0,no — number present,none in page content,yes — legal/operating identity; plus any listed page-specific evidence,no,"verified legal/operating identity for CoreX Concreters Camden; ownership and call-routing proof for 03 4517 6915; operator-approved concrete patios and alfresco slabs range from real CoreX quotes, including the assumptions behind it; verified CoreX ABN; verified CoreX business address; authoritative media/Astra import and logged-out visual QA","Keep protected and noindex; resolve every listed item, then repeat staging QA before approval."
/concrete-paths-south-west-sydney/,service,publish,"global staging: noindex,nofollow,noarchive; page: default (no page override)",3,0,0,no — number present,none in page content,yes — legal/operating identity; plus any listed page-specific evidence,no,"verified legal/operating identity for CoreX Concreters Camden; ownership and call-routing proof for 03 4517 6915; operator-approved concrete paths and pathways range from real CoreX quotes, including the assumptions behind it; verified CoreX ABN; verified CoreX business address; authoritative media/Astra import and logged-out visual QA","Keep protected and noindex; resolve every listed item, then repeat staging QA before approval."
/concrete-crossovers-and-laybacks-south-west-sydney/,service,publish,"global staging: noindex,nofollow,noarchive; page: default (no page override)",3,0,0,no — global contact presentation unverified,none in page content,yes — legal/operating identity; plus any listed page-specific evidence,no,"verified legal/operating identity for CoreX Concreters Camden; verified global header/footer phone after Astra settings are supplied; operator-approved concrete crossovers and laybacks range from real CoreX quotes, including the assumptions behind it; verified CoreX ABN; verified CoreX business address; authoritative media/Astra import and logged-out visual QA","Keep protected and noindex; resolve every listed item, then repeat staging QA before approval."
/commercial-concreting-south-west-sydney/,service,publish,"global staging: noindex,nofollow,noarchive; page: default (no page override)",1,0,0,no — global contact presentation unverified,none in page content,yes — legal/operating identity; plus any listed page-specific evidence,no,"verified legal/operating identity for CoreX Concreters Camden; verified global header/footer phone after Astra settings are supplied; operator-approved commercial concreting range from real CoreX quotes, including the assumptions behind it; authoritative media/Astra import and logged-out visual QA","Keep protected and noindex; resolve every listed item, then repeat staging QA before approval."
/guides/,guide_hub,draft,"global staging: noindex,nofollow,noarchive; page: noindex,follow",0,0,0,no — number present,none in page content,yes — legal/operating identity; plus any listed page-specific evidence,no,verified legal/operating identity for CoreX Concreters Camden; ownership and call-routing proof for 03 4517 6915; page-specific publication-wave approval; authoritative media/Astra import and logged-out visual QA,"Keep draft; resolve page evidence and wave gate, then stage and QA before any status change."
/guides/broom-finish-concrete/,guide,draft,"global staging: noindex,nofollow,noarchive; page: noindex,follow",0,0,0,no — number present,none in page content,yes — legal/operating identity; plus any listed page-specific evidence,no,verified legal/operating identity for CoreX Concreters Camden; ownership and call-routing proof for 03 4517 6915; page-specific publication-wave approval; authoritative media/Astra import and logged-out visual QA,"Keep draft; resolve page evidence and wave gate, then stage and QA before any status change."
/guides/camden-council-driveway-crossing/,guide,draft,"global staging: noindex,nofollow,noarchive; page: noindex,follow",2,0,1,no — global contact presentation unverified,none in page content,yes — legal/operating identity; plus any listed page-specific evidence,no,verified legal/operating identity for CoreX Concreters Camden; verified global header/footer phone after Astra settings are supplied; any unresearched figure or process stated under Camden Council Driveway Crossing before publication; verified CoreX ABN; verified CoreX business address; page-specific publication-wave approval; authoritative media/Astra import and logged-out visual QA,"Keep draft; resolve page evidence and wave gate, then stage and QA before any status change."
/guides/campbelltown-council-driveway-crossing/,guide,draft,"global staging: noindex,nofollow,noarchive; page: noindex,follow",0,0,1,no — number present,none in page content,yes — legal/operating identity; plus any listed page-specific evidence,no,"verified legal/operating identity for CoreX Concreters Camden; ownership and call-routing proof for 03 4517 6915; current Campbelltown City Council vehicle-crossing specification, application, fees, inspections, widths and grades before this guide is published; page-specific publication-wave approval; authoritative media/Astra import and logged-out visual QA","Keep draft; resolve page evidence and wave gate, then stage and QA before any status change."
/guides/coloured-concrete-explained/,guide,draft,"global staging: noindex,nofollow,noarchive; page: noindex,follow",0,0,0,no — number present,none in page content,yes — legal/operating identity; plus any listed page-specific evidence,no,verified legal/operating identity for CoreX Concreters Camden; ownership and call-routing proof for 03 4517 6915; page-specific publication-wave approval; authoritative media/Astra import and logged-out visual QA,"Keep draft; resolve page evidence and wave gate, then stage and QA before any status change."
/guides/commercial-hardstand-cost/,guide,draft,"global staging: noindex,nofollow,noarchive; page: noindex,follow",0,0,0,no — number present,none in page content,yes — legal/operating identity; plus any listed page-specific evidence,no,verified legal/operating identity for CoreX Concreters Camden; ownership and call-routing proof for 03 4517 6915; page-specific publication-wave approval; authoritative media/Astra import and logged-out visual QA,"Keep draft; resolve page evidence and wave gate, then stage and QA before any status change."
/guides/concrete-crack-types-and-which-matter/,guide,draft,"global staging: noindex,nofollow,noarchive; page: noindex,follow",0,0,0,no — number present,none in page content,yes — legal/operating identity; plus any listed page-specific evidence,no,verified legal/operating identity for CoreX Concreters Camden; ownership and call-routing proof for 03 4517 6915; page-specific publication-wave approval; authoritative media/Astra import and logged-out visual QA,"Keep draft; resolve page evidence and wave gate, then stage and QA before any status change."
/guides/concrete-driveway-cost-nsw/,guide,draft,"global staging: noindex,nofollow,noarchive; page: noindex,follow",3,0,0,no — global contact presentation unverified,none in page content,yes — legal/operating identity; plus any listed page-specific evidence,no,verified legal/operating identity for CoreX Concreters Camden; verified global header/footer phone after Astra settings are supplied; operator-approved amount or range from real CoreX quotes relevant to Concrete Driveway Cost NSW; verified CoreX ABN; verified CoreX business address; page-specific publication-wave approval; authoritative media/Astra import and logged-out visual QA,"Keep draft; resolve page evidence and wave gate, then stage and QA before any status change."
/guides/concrete-efflorescence/,guide,draft,"global staging: noindex,nofollow,noarchive; page: noindex,follow",0,0,0,no — number present,none in page content,yes — legal/operating identity; plus any listed page-specific evidence,no,verified legal/operating identity for CoreX Concreters Camden; ownership and call-routing proof for 03 4517 6915; page-specific publication-wave approval; authoritative media/Astra import and logged-out visual QA,"Keep draft; resolve page evidence and wave gate, then stage and QA before any status change."
/guides/concrete-repair-vs-replace/,guide,draft,"global staging: noindex,nofollow,noarchive; page: noindex,follow",0,0,0,no — number present,none in page content,yes — legal/operating identity; plus any listed page-specific evidence,no,verified legal/operating identity for CoreX Concreters Camden; ownership and call-routing proof for 03 4517 6915; page-specific publication-wave approval; authoritative media/Astra import and logged-out visual QA,"Keep draft; resolve page evidence and wave gate, then stage and QA before any status change."
/guides/concrete-slab-cost-per-m2/,guide,draft,"global staging: noindex,nofollow,noarchive; page: noindex,follow",0,0,0,no — number present,none in page content,yes — legal/operating identity; plus any listed page-specific evidence,no,verified legal/operating identity for CoreX Concreters Camden; ownership and call-routing proof for 03 4517 6915; page-specific publication-wave approval; authoritative media/Astra import and logged-out visual QA,"Keep draft; resolve page evidence and wave gate, then stage and QA before any status change."
/guides/concrete-strength-grades-explained/,guide,draft,"global staging: noindex,nofollow,noarchive; page: noindex,follow",0,0,0,no — number present,none in page content,yes — legal/operating identity; plus any listed page-specific evidence,no,verified legal/operating identity for CoreX Concreters Camden; ownership and call-routing proof for 03 4517 6915; page-specific publication-wave approval; authoritative media/Astra import and logged-out visual QA,"Keep draft; resolve page evidence and wave gate, then stage and QA before any status change."
/guides/concrete-vs-pavers-vs-asphalt/,guide,draft,"global staging: noindex,nofollow,noarchive; page: noindex,follow",0,0,0,no — number present,none in page content,yes — legal/operating identity; plus any listed page-specific evidence,no,verified legal/operating identity for CoreX Concreters Camden; ownership and call-routing proof for 03 4517 6915; page-specific publication-wave approval; authoritative media/Astra import and logged-out visual QA,"Keep draft; resolve page evidence and wave gate, then stage and QA before any status change."
/guides/control-joints-and-saw-cut-timing/,guide,draft,"global staging: noindex,nofollow,noarchive; page: noindex,follow",0,0,0,no — number present,none in page content,yes — legal/operating identity; plus any listed page-specific evidence,no,verified legal/operating identity for CoreX Concreters Camden; ownership and call-routing proof for 03 4517 6915; page-specific publication-wave approval; authoritative media/Astra import and logged-out visual QA,"Keep draft; resolve page evidence and wave gate, then stage and QA before any status change."
/guides/curing-concrete-in-summer-vs-winter/,guide,draft,"global staging: noindex,nofollow,noarchive; page: noindex,follow",0,0,0,no — number present,none in page content,yes — legal/operating identity; plus any listed page-specific evidence,no,verified legal/operating identity for CoreX Concreters Camden; ownership and call-routing proof for 03 4517 6915; page-specific publication-wave approval; authoritative media/Astra import and logged-out visual QA,"Keep draft; resolve page evidence and wave gate, then stage and QA before any status change."
/guides/do-i-need-council-approval-driveway-nsw/,guide,draft,"global staging: noindex,nofollow,noarchive; page: noindex,follow",0,0,0,no — number present,none in page content,yes — legal/operating identity; plus any listed page-specific evidence,no,verified legal/operating identity for CoreX Concreters Camden; ownership and call-routing proof for 03 4517 6915; page-specific publication-wave approval; authoritative media/Astra import and logged-out visual QA,"Keep draft; resolve page evidence and wave gate, then stage and QA before any status change."
/guides/driveway-crossover-cost-nsw/,guide,draft,"global staging: noindex,nofollow,noarchive; page: noindex,follow",0,0,0,no — number present,none in page content,yes — legal/operating identity; plus any listed page-specific evidence,no,verified legal/operating identity for CoreX Concreters Camden; ownership and call-routing proof for 03 4517 6915; page-specific publication-wave approval; authoritative media/Astra import and logged-out visual QA,"Keep draft; resolve page evidence and wave gate, then stage and QA before any status change."
/guides/engineered-fill-and-why-new-estate-slabs-crack/,guide,draft,"global staging: noindex,nofollow,noarchive; page: noindex,follow",0,0,0,no — number present,none in page content,yes — legal/operating identity; plus any listed page-specific evidence,no,verified legal/operating identity for CoreX Concreters Camden; ownership and call-routing proof for 03 4517 6915; page-specific publication-wave approval; authoritative media/Astra import and logged-out visual QA,"Keep draft; resolve page evidence and wave gate, then stage and QA before any status change."
/guides/exposed-aggregate-cost/,guide,draft,"global staging: noindex,nofollow,noarchive; page: noindex,follow",0,0,0,no — number present,none in page content,yes — legal/operating identity; plus any listed page-specific evidence,no,verified legal/operating identity for CoreX Concreters Camden; ownership and call-routing proof for 03 4517 6915; page-specific publication-wave approval; authoritative media/Astra import and logged-out visual QA,"Keep draft; resolve page evidence and wave gate, then stage and QA before any status change."
/guides/exposed-aggregate-vs-stencil/,guide,draft,"global staging: noindex,nofollow,noarchive; page: noindex,follow",0,0,0,no — number present,none in page content,yes — legal/operating identity; plus any listed page-specific evidence,no,verified legal/operating identity for CoreX Concreters Camden; ownership and call-routing proof for 03 4517 6915; page-specific publication-wave approval; authoritative media/Astra import and logged-out visual QA,"Keep draft; resolve page evidence and wave gate, then stage and QA before any status change."
/guides/honed-and-polished-concrete/,guide,draft,"global staging: noindex,nofollow,noarchive; page: noindex,follow",0,0,0,no — number present,none in page content,yes — legal/operating identity; plus any listed page-specific evidence,no,verified legal/operating identity for CoreX Concreters Camden; ownership and call-routing proof for 03 4517 6915; page-specific publication-wave approval; authoritative media/Astra import and logged-out visual QA,"Keep draft; resolve page evidence and wave gate, then stage and QA before any status change."
/guides/how-long-before-you-can-drive-on-concrete/,guide,draft,"global staging: noindex,nofollow,noarchive; page: noindex,follow",0,0,0,no — number present,none in page content,yes — legal/operating identity; plus any listed page-specific evidence,no,verified legal/operating identity for CoreX Concreters Camden; ownership and call-routing proof for 03 4517 6915; page-specific publication-wave approval; authoritative media/Astra import and logged-out visual QA,"Keep draft; resolve page evidence and wave gate, then stage and QA before any status change."
/guides/liverpool-council-vehicle-crossing/,guide,draft,"global staging: noindex,nofollow,noarchive; page: noindex,follow",0,0,1,no — number present,none in page content,yes — legal/operating identity; plus any listed page-specific evidence,no,"verified legal/operating identity for CoreX Concreters Camden; ownership and call-routing proof for 03 4517 6915; current Liverpool City Council vehicle-crossing specification, application, fees, inspections, widths and grades before this guide is published; page-specific publication-wave approval; authoritative media/Astra import and logged-out visual QA","Keep draft; resolve page evidence and wave gate, then stage and QA before any status change."
/guides/non-slip-finishes-for-pools-and-slopes/,guide,draft,"global staging: noindex,nofollow,noarchive; page: noindex,follow",0,0,0,no — number present,none in page content,yes — legal/operating identity; plus any listed page-specific evidence,no,verified legal/operating identity for CoreX Concreters Camden; ownership and call-routing proof for 03 4517 6915; page-specific publication-wave approval; authoritative media/Astra import and logged-out visual QA,"Keep draft; resolve page evidence and wave gate, then stage and QA before any status change."
/guides/reactive-clay-slabs-as2870/,guide,draft,"global staging: noindex,nofollow,noarchive; page: noindex,follow",0,0,0,no — number present,none in page content,yes — legal/operating identity; plus any listed page-specific evidence,no,verified legal/operating identity for CoreX Concreters Camden; ownership and call-routing proof for 03 4517 6915; page-specific publication-wave approval; authoritative media/Astra import and logged-out visual QA,"Keep draft; resolve page evidence and wave gate, then stage and QA before any status change."
/guides/removing-oil-stains-and-tyre-marks-from-concrete/,guide,draft,"global staging: noindex,nofollow,noarchive; page: noindex,follow",0,0,0,no — number present,none in page content,yes — legal/operating identity; plus any listed page-specific evidence,no,verified legal/operating identity for CoreX Concreters Camden; ownership and call-routing proof for 03 4517 6915; page-specific publication-wave approval; authoritative media/Astra import and logged-out visual QA,"Keep draft; resolve page evidence and wave gate, then stage and QA before any status change."
/guides/salinity-and-concrete-western-sydney/,guide,draft,"global staging: noindex,nofollow,noarchive; page: noindex,follow",0,0,0,no — number present,none in page content,yes — legal/operating identity; plus any listed page-specific evidence,no,verified legal/operating identity for CoreX Concreters Camden; ownership and call-routing proof for 03 4517 6915; page-specific publication-wave approval; authoritative media/Astra import and logged-out visual QA,"Keep draft; resolve page evidence and wave gate, then stage and QA before any status change."
/guides/sealing-and-resealing-concrete/,guide,draft,"global staging: noindex,nofollow,noarchive; page: noindex,follow",0,0,0,no — number present,none in page content,yes — legal/operating identity; plus any listed page-specific evidence,no,verified legal/operating identity for CoreX Concreters Camden; ownership and call-routing proof for 03 4517 6915; page-specific publication-wave approval; authoritative media/Astra import and logged-out visual QA,"Keep draft; resolve page evidence and wave gate, then stage and QA before any status change."
/guides/shed-slab-cost/,guide,draft,"global staging: noindex,nofollow,noarchive; page: noindex,follow",0,0,0,no — number present,none in page content,yes — legal/operating identity; plus any listed page-specific evidence,no,verified legal/operating identity for CoreX Concreters Camden; ownership and call-routing proof for 03 4517 6915; page-specific publication-wave approval; authoritative media/Astra import and logged-out visual QA,"Keep draft; resolve page evidence and wave gate, then stage and QA before any status change."
/guides/site-classification-explained/,guide,draft,"global staging: noindex,nofollow,noarchive; page: noindex,follow",0,0,0,no — number present,none in page content,yes — legal/operating identity; plus any listed page-specific evidence,no,verified legal/operating identity for CoreX Concreters Camden; ownership and call-routing proof for 03 4517 6915; page-specific publication-wave approval; authoritative media/Astra import and logged-out visual QA,"Keep draft; resolve page evidence and wave gate, then stage and QA before any status change."
/guides/sl72-vs-sl82-reinforcement/,guide,draft,"global staging: noindex,nofollow,noarchive; page: noindex,follow",0,0,0,no — number present,none in page content,yes — legal/operating identity; plus any listed page-specific evidence,no,verified legal/operating identity for CoreX Concreters Camden; ownership and call-routing proof for 03 4517 6915; page-specific publication-wave approval; authoritative media/Astra import and logged-out visual QA,"Keep draft; resolve page evidence and wave gate, then stage and QA before any status change."
/guides/slab-thickness-for-driveways-vs-sheds/,guide,draft,"global staging: noindex,nofollow,noarchive; page: noindex,follow",0,0,0,no — number present,none in page content,yes — legal/operating identity; plus any listed page-specific evidence,no,verified legal/operating identity for CoreX Concreters Camden; ownership and call-routing proof for 03 4517 6915; page-specific publication-wave approval; authoritative media/Astra import and logged-out visual QA,"Keep draft; resolve page evidence and wave gate, then stage and QA before any status change."
/guides/stencilled-vs-stamped-concrete-cost/,guide,draft,"global staging: noindex,nofollow,noarchive; page: noindex,follow",0,0,0,no — number present,none in page content,yes — legal/operating identity; plus any listed page-specific evidence,no,verified legal/operating identity for CoreX Concreters Camden; ownership and call-routing proof for 03 4517 6915; page-specific publication-wave approval; authoritative media/Astra import and logged-out visual QA,"Keep draft; resolve page evidence and wave gate, then stage and QA before any status change."
/guides/what-actually-moves-a-concrete-quote/,guide,draft,"global staging: noindex,nofollow,noarchive; page: noindex,follow",0,0,0,no — number present,none in page content,yes — legal/operating identity; plus any listed page-specific evidence,no,verified legal/operating identity for CoreX Concreters Camden; ownership and call-routing proof for 03 4517 6915; page-specific publication-wave approval; authoritative media/Astra import and logged-out visual QA,"Keep draft; resolve page evidence and wave gate, then stage and QA before any status change."
/guides/why-concrete-cracks/,guide,draft,"global staging: noindex,nofollow,noarchive; page: noindex,follow",0,0,0,no — number present,none in page content,yes — legal/operating identity; plus any listed page-specific evidence,no,verified legal/operating identity for CoreX Concreters Camden; ownership and call-routing proof for 03 4517 6915; page-specific publication-wave approval; authoritative media/Astra import and logged-out visual QA,"Keep draft; resolve page evidence and wave gate, then stage and QA before any status change."
/guides/wollondilly-council-driveway-crossing/,guide,draft,"global staging: noindex,nofollow,noarchive; page: noindex,follow",0,0,1,no — number present,none in page content,yes — legal/operating identity; plus any listed page-specific evidence,no,"verified legal/operating identity for CoreX Concreters Camden; ownership and call-routing proof for 03 4517 6915; current Wollondilly Shire Council vehicle-crossing specification, application, fees, inspections, widths and grades before this guide is published; page-specific publication-wave approval; authoritative media/Astra import and logged-out visual QA","Keep draft; resolve page evidence and wave gate, then stage and QA before any status change."
/concreters-appin/,suburb,draft,"global staging: noindex,nofollow,noarchive; page: noindex,follow",0,0,0,no — number present,none in page content,yes — legal/operating identity; plus any listed page-specific evidence,no,verified legal/operating identity for CoreX Concreters Camden; ownership and call-routing proof for 03 4517 6915; page-specific publication-wave approval; authoritative media/Astra import and logged-out visual QA,"Keep draft; resolve page evidence and wave gate, then stage and QA before any status change."
/concreters-bargo/,suburb,draft,"global staging: noindex,nofollow,noarchive; page: noindex,follow",0,0,0,no — number present,none in page content,yes — legal/operating identity; plus any listed page-specific evidence,no,verified legal/operating identity for CoreX Concreters Camden; ownership and call-routing proof for 03 4517 6915; page-specific publication-wave approval; authoritative media/Astra import and logged-out visual QA,"Keep draft; resolve page evidence and wave gate, then stage and QA before any status change."
/concreters-bradbury/,suburb,draft,"global staging: noindex,nofollow,noarchive; page: noindex,follow",0,0,0,no — number present,none in page content,yes — legal/operating identity; plus any listed page-specific evidence,no,verified legal/operating identity for CoreX Concreters Camden; ownership and call-routing proof for 03 4517 6915; page-specific publication-wave approval; authoritative media/Astra import and logged-out visual QA,"Keep draft; resolve page evidence and wave gate, then stage and QA before any status change."
/concreters-bringelly/,suburb,draft,"global staging: noindex,nofollow,noarchive; page: noindex,follow",0,3,0,no — number present,none in page content,yes — legal/operating identity; plus any listed page-specific evidence,no,verified legal/operating identity for CoreX Concreters Camden; ownership and call-routing proof for 03 4517 6915; verified CoreX project in Bringelly; page-specific publication-wave approval; authoritative media/Astra import and logged-out visual QA,"Keep draft; resolve page evidence and wave gate, then stage and QA before any status change."
/concreters-camden-park/,suburb,draft,"global staging: noindex,nofollow,noarchive; page: noindex,follow",0,0,0,no — number present,none in page content,yes — legal/operating identity; plus any listed page-specific evidence,no,verified legal/operating identity for CoreX Concreters Camden; ownership and call-routing proof for 03 4517 6915; page-specific publication-wave approval; authoritative media/Astra import and logged-out visual QA,"Keep draft; resolve page evidence and wave gate, then stage and QA before any status change."
/concreters-camden-south/,suburb,draft,"global staging: noindex,nofollow,noarchive; page: noindex,follow",0,0,0,no — number present,none in page content,yes — legal/operating identity; plus any listed page-specific evidence,no,verified legal/operating identity for CoreX Concreters Camden; ownership and call-routing proof for 03 4517 6915; page-specific publication-wave approval; authoritative media/Astra import and logged-out visual QA,"Keep draft; resolve page evidence and wave gate, then stage and QA before any status change."
/concreters-campbelltown/,suburb,draft,"global staging: noindex,nofollow,noarchive; page: noindex,follow",0,0,0,no — number present,none in page content,yes — legal/operating identity; plus any listed page-specific evidence,no,verified legal/operating identity for CoreX Concreters Camden; ownership and call-routing proof for 03 4517 6915; page-specific publication-wave approval; authoritative media/Astra import and logged-out visual QA,"Keep draft; resolve page evidence and wave gate, then stage and QA before any status change."
/concreters-carnes-hill/,suburb,draft,"global staging: noindex,nofollow,noarchive; page: noindex,follow",0,0,0,no — number present,none in page content,yes — legal/operating identity; plus any listed page-specific evidence,no,verified legal/operating identity for CoreX Concreters Camden; ownership and call-routing proof for 03 4517 6915; page-specific publication-wave approval; authoritative media/Astra import and logged-out visual QA,"Keep draft; resolve page evidence and wave gate, then stage and QA before any status change."
/concreters-casula/,suburb,draft,"global staging: noindex,nofollow,noarchive; page: noindex,follow",0,0,0,no — number present,none in page content,yes — legal/operating identity; plus any listed page-specific evidence,no,verified legal/operating identity for CoreX Concreters Camden; ownership and call-routing proof for 03 4517 6915; page-specific publication-wave approval; authoritative media/Astra import and logged-out visual QA,"Keep draft; resolve page evidence and wave gate, then stage and QA before any status change."
/concreters-catherine-field/,suburb,draft,"global staging: noindex,nofollow,noarchive; page: noindex,follow",0,3,0,no — number present,none in page content,yes — legal/operating identity; plus any listed page-specific evidence,no,verified legal/operating identity for CoreX Concreters Camden; ownership and call-routing proof for 03 4517 6915; verified CoreX project in Catherine Field; page-specific publication-wave approval; authoritative media/Astra import and logged-out visual QA,"Keep draft; resolve page evidence and wave gate, then stage and QA before any status change."
/concreters-cawdor/,suburb,draft,"global staging: noindex,nofollow,noarchive; page: noindex,follow",0,0,0,no — number present,none in page content,yes — legal/operating identity; plus any listed page-specific evidence,no,verified legal/operating identity for CoreX Concreters Camden; ownership and call-routing proof for 03 4517 6915; page-specific publication-wave approval; authoritative media/Astra import and logged-out visual QA,"Keep draft; resolve page evidence and wave gate, then stage and QA before any status change."
/concreters-cecil-hills/,suburb,draft,"global staging: noindex,nofollow,noarchive; page: noindex,follow",0,0,0,no — number present,none in page content,yes — legal/operating identity; plus any listed page-specific evidence,no,verified legal/operating identity for CoreX Concreters Camden; ownership and call-routing proof for 03 4517 6915; page-specific publication-wave approval; authoritative media/Astra import and logged-out visual QA,"Keep draft; resolve page evidence and wave gate, then stage and QA before any status change."
/concreters-cecil-park/,suburb,draft,"global staging: noindex,nofollow,noarchive; page: noindex,follow",0,0,0,no — number present,none in page content,yes — legal/operating identity; plus any listed page-specific evidence,no,verified legal/operating identity for CoreX Concreters Camden; ownership and call-routing proof for 03 4517 6915; page-specific publication-wave approval; authoritative media/Astra import and logged-out visual QA,"Keep draft; resolve page evidence and wave gate, then stage and QA before any status change."
/concreters-chipping-norton/,suburb,draft,"global staging: noindex,nofollow,noarchive; page: noindex,follow",0,0,0,no — number present,none in page content,yes — legal/operating identity; plus any listed page-specific evidence,no,verified legal/operating identity for CoreX Concreters Camden; ownership and call-routing proof for 03 4517 6915; page-specific publication-wave approval; authoritative media/Astra import and logged-out visual QA,"Keep draft; resolve page evidence and wave gate, then stage and QA before any status change."
/concreters-cobbitty/,suburb,draft,"global staging: noindex,nofollow,noarchive; page: noindex,follow",0,3,0,no — number present,none in page content,yes — legal/operating identity; plus any listed page-specific evidence,no,verified legal/operating identity for CoreX Concreters Camden; ownership and call-routing proof for 03 4517 6915; verified CoreX project in Cobbitty; page-specific publication-wave approval; authoritative media/Astra import and logged-out visual QA,"Keep draft; resolve page evidence and wave gate, then stage and QA before any status change."
/concreters-currans-hill/,suburb,draft,"global staging: noindex,nofollow,noarchive; page: noindex,follow",0,3,0,no — number present,none in page content,yes — legal/operating identity; plus any listed page-specific evidence,no,verified legal/operating identity for CoreX Concreters Camden; ownership and call-routing proof for 03 4517 6915; verified CoreX project in Currans Hill; page-specific publication-wave approval; authoritative media/Astra import and logged-out visual QA,"Keep draft; resolve page evidence and wave gate, then stage and QA before any status change."
/concreters-douglas-park/,suburb,draft,"global staging: noindex,nofollow,noarchive; page: noindex,follow",0,0,0,no — number present,none in page content,yes — legal/operating identity; plus any listed page-specific evidence,no,verified legal/operating identity for CoreX Concreters Camden; ownership and call-routing proof for 03 4517 6915; page-specific publication-wave approval; authoritative media/Astra import and logged-out visual QA,"Keep draft; resolve page evidence and wave gate, then stage and QA before any status change."
/concreters-eagle-vale/,suburb,draft,"global staging: noindex,nofollow,noarchive; page: noindex,follow",0,0,0,no — number present,none in page content,yes — legal/operating identity; plus any listed page-specific evidence,no,verified legal/operating identity for CoreX Concreters Camden; ownership and call-routing proof for 03 4517 6915; page-specific publication-wave approval; authoritative media/Astra import and logged-out visual QA,"Keep draft; resolve page evidence and wave gate, then stage and QA before any status change."
/concreters-edmondson-park/,suburb,draft,"global staging: noindex,nofollow,noarchive; page: noindex,follow",0,3,0,no — number present,none in page content,yes — legal/operating identity; plus any listed page-specific evidence,no,verified legal/operating identity for CoreX Concreters Camden; ownership and call-routing proof for 03 4517 6915; verified CoreX project in Edmondson Park; page-specific publication-wave approval; authoritative media/Astra import and logged-out visual QA,"Keep draft; resolve page evidence and wave gate, then stage and QA before any status change."
/concreters-elderslie/,suburb,draft,"global staging: noindex,nofollow,noarchive; page: noindex,follow",0,3,0,no — number present,none in page content,yes — legal/operating identity; plus any listed page-specific evidence,no,verified legal/operating identity for CoreX Concreters Camden; ownership and call-routing proof for 03 4517 6915; verified CoreX project in Elderslie; page-specific publication-wave approval; authoritative media/Astra import and logged-out visual QA,"Keep draft; resolve page evidence and wave gate, then stage and QA before any status change."
/concreters-elizabeth-hills/,suburb,draft,"global staging: noindex,nofollow,noarchive; page: noindex,follow",0,0,0,no — number present,none in page content,yes — legal/operating identity; plus any listed page-specific evidence,no,verified legal/operating identity for CoreX Concreters Camden; ownership and call-routing proof for 03 4517 6915; page-specific publication-wave approval; authoritative media/Astra import and logged-out visual QA,"Keep draft; resolve page evidence and wave gate, then stage and QA before any status change."
/concreters-ellis-lane/,suburb,draft,"global staging: noindex,nofollow,noarchive; page: noindex,follow",0,0,0,no — number present,none in page content,yes — legal/operating identity; plus any listed page-specific evidence,no,verified legal/operating identity for CoreX Concreters Camden; ownership and call-routing proof for 03 4517 6915; page-specific publication-wave approval; authoritative media/Astra import and logged-out visual QA,"Keep draft; resolve page evidence and wave gate, then stage and QA before any status change."
/concreters-gilead/,suburb,draft,"global staging: noindex,nofollow,noarchive; page: noindex,follow",0,0,0,no — number present,none in page content,yes — legal/operating identity; plus any listed page-specific evidence,no,verified legal/operating identity for CoreX Concreters Camden; ownership and call-routing proof for 03 4517 6915; page-specific publication-wave approval; authoritative media/Astra import and logged-out visual QA,"Keep draft; resolve page evidence and wave gate, then stage and QA before any status change."
/concreters-glen-alpine/,suburb,draft,"global staging: noindex,nofollow,noarchive; page: noindex,follow",0,0,0,no — number present,none in page content,yes — legal/operating identity; plus any listed page-specific evidence,no,verified legal/operating identity for CoreX Concreters Camden; ownership and call-routing proof for 03 4517 6915; page-specific publication-wave approval; authoritative media/Astra import and logged-out visual QA,"Keep draft; resolve page evidence and wave gate, then stage and QA before any status change."
/concreters-glenfield/,suburb,draft,"global staging: noindex,nofollow,noarchive; page: noindex,follow",0,0,0,no — number present,none in page content,yes — legal/operating identity; plus any listed page-specific evidence,no,verified legal/operating identity for CoreX Concreters Camden; ownership and call-routing proof for 03 4517 6915; page-specific publication-wave approval; authoritative media/Astra import and logged-out visual QA,"Keep draft; resolve page evidence and wave gate, then stage and QA before any status change."
/concreters-grasmere/,suburb,draft,"global staging: noindex,nofollow,noarchive; page: noindex,follow",0,0,0,no — number present,none in page content,yes — legal/operating identity; plus any listed page-specific evidence,no,verified legal/operating identity for CoreX Concreters Camden; ownership and call-routing proof for 03 4517 6915; page-specific publication-wave approval; authoritative media/Astra import and logged-out visual QA,"Keep draft; resolve page evidence and wave gate, then stage and QA before any status change."
/concreters-horningsea-park/,suburb,draft,"global staging: noindex,nofollow,noarchive; page: noindex,follow",0,0,0,no — number present,none in page content,yes — legal/operating identity; plus any listed page-specific evidence,no,verified legal/operating identity for CoreX Concreters Camden; ownership and call-routing proof for 03 4517 6915; page-specific publication-wave approval; authoritative media/Astra import and logged-out visual QA,"Keep draft; resolve page evidence and wave gate, then stage and QA before any status change."
/concreters-hoxton-park/,suburb,draft,"global staging: noindex,nofollow,noarchive; page: noindex,follow",0,0,0,no — number present,none in page content,yes — legal/operating identity; plus any listed page-specific evidence,no,verified legal/operating identity for CoreX Concreters Camden; ownership and call-routing proof for 03 4517 6915; page-specific publication-wave approval; authoritative media/Astra import and logged-out visual QA,"Keep draft; resolve page evidence and wave gate, then stage and QA before any status change."
/concreters-ingleburn/,suburb,draft,"global staging: noindex,nofollow,noarchive; page: noindex,follow",0,0,0,no — number present,none in page content,yes — legal/operating identity; plus any listed page-specific evidence,no,verified legal/operating identity for CoreX Concreters Camden; ownership and call-routing proof for 03 4517 6915; page-specific publication-wave approval; authoritative media/Astra import and logged-out visual QA,"Keep draft; resolve page evidence and wave gate, then stage and QA before any status change."
/concreters-kemps-creek/,suburb,draft,"global staging: noindex,nofollow,noarchive; page: noindex,follow",0,0,0,no — number present,none in page content,yes — legal/operating identity; plus any listed page-specific evidence,no,verified legal/operating identity for CoreX Concreters Camden; ownership and call-routing proof for 03 4517 6915; page-specific publication-wave approval; authoritative media/Astra import and logged-out visual QA,"Keep draft; resolve page evidence and wave gate, then stage and QA before any status change."
/concreters-kirkham/,suburb,draft,"global staging: noindex,nofollow,noarchive; page: noindex,follow",0,0,0,no — number present,none in page content,yes — legal/operating identity; plus any listed page-specific evidence,no,verified legal/operating identity for CoreX Concreters Camden; ownership and call-routing proof for 03 4517 6915; page-specific publication-wave approval; authoritative media/Astra import and logged-out visual QA,"Keep draft; resolve page evidence and wave gate, then stage and QA before any status change."
/concreters-len-waters-estate/,suburb,draft,"global staging: noindex,nofollow,noarchive; page: noindex,follow",0,0,0,no — number present,none in page content,yes — legal/operating identity; plus any listed page-specific evidence,no,verified legal/operating identity for CoreX Concreters Camden; ownership and call-routing proof for 03 4517 6915; page-specific publication-wave approval; authoritative media/Astra import and logged-out visual QA,"Keep draft; resolve page evidence and wave gate, then stage and QA before any status change."
/concreters-leumeah/,suburb,draft,"global staging: noindex,nofollow,noarchive; page: noindex,follow",0,0,0,no — number present,none in page content,yes — legal/operating identity; plus any listed page-specific evidence,no,verified legal/operating identity for CoreX Concreters Camden; ownership and call-routing proof for 03 4517 6915; page-specific publication-wave approval; authoritative media/Astra import and logged-out visual QA,"Keep draft; resolve page evidence and wave gate, then stage and QA before any status change."
/concreters-macquarie-fields/,suburb,draft,"global staging: noindex,nofollow,noarchive; page: noindex,follow",0,0,0,no — number present,none in page content,yes — legal/operating identity; plus any listed page-specific evidence,no,verified legal/operating identity for CoreX Concreters Camden; ownership and call-routing proof for 03 4517 6915; page-specific publication-wave approval; authoritative media/Astra import and logged-out visual QA,"Keep draft; resolve page evidence and wave gate, then stage and QA before any status change."
/concreters-menangle-park/,suburb,draft,"global staging: noindex,nofollow,noarchive; page: noindex,follow",0,0,0,no — number present,none in page content,yes — legal/operating identity; plus any listed page-specific evidence,no,verified legal/operating identity for CoreX Concreters Camden; ownership and call-routing proof for 03 4517 6915; page-specific publication-wave approval; authoritative media/Astra import and logged-out visual QA,"Keep draft; resolve page evidence and wave gate, then stage and QA before any status change."
/concreters-menangle/,suburb,draft,"global staging: noindex,nofollow,noarchive; page: noindex,follow",0,0,0,no — number present,none in page content,yes — legal/operating identity; plus any listed page-specific evidence,no,verified legal/operating identity for CoreX Concreters Camden; ownership and call-routing proof for 03 4517 6915; page-specific publication-wave approval; authoritative media/Astra import and logged-out visual QA,"Keep draft; resolve page evidence and wave gate, then stage and QA before any status change."
/concreters-middleton-grange/,suburb,draft,"global staging: noindex,nofollow,noarchive; page: noindex,follow",0,0,0,no — number present,none in page content,yes — legal/operating identity; plus any listed page-specific evidence,no,verified legal/operating identity for CoreX Concreters Camden; ownership and call-routing proof for 03 4517 6915; page-specific publication-wave approval; authoritative media/Astra import and logged-out visual QA,"Keep draft; resolve page evidence and wave gate, then stage and QA before any status change."
/concreters-minto/,suburb,draft,"global staging: noindex,nofollow,noarchive; page: noindex,follow",0,0,0,no — number present,none in page content,yes — legal/operating identity; plus any listed page-specific evidence,no,verified legal/operating identity for CoreX Concreters Camden; ownership and call-routing proof for 03 4517 6915; page-specific publication-wave approval; authoritative media/Astra import and logged-out visual QA,"Keep draft; resolve page evidence and wave gate, then stage and QA before any status change."
/concreters-moorebank/,suburb,draft,"global staging: noindex,nofollow,noarchive; page: noindex,follow",0,0,0,no — number present,none in page content,yes — legal/operating identity; plus any listed page-specific evidence,no,verified legal/operating identity for CoreX Concreters Camden; ownership and call-routing proof for 03 4517 6915; page-specific publication-wave approval; authoritative media/Astra import and logged-out visual QA,"Keep draft; resolve page evidence and wave gate, then stage and QA before any status change."
/concreters-mount-annan/,suburb,draft,"global staging: noindex,nofollow,noarchive; page: noindex,follow",0,3,0,no — number present,none in page content,yes — legal/operating identity; plus any listed page-specific evidence,no,verified legal/operating identity for CoreX Concreters Camden; ownership and call-routing proof for 03 4517 6915; verified CoreX project in Mount Annan; page-specific publication-wave approval; authoritative media/Astra import and logged-out visual QA,"Keep draft; resolve page evidence and wave gate, then stage and QA before any status change."
/concreters-narellan-vale/,suburb,draft,"global staging: noindex,nofollow,noarchive; page: noindex,follow",0,0,0,no — number present,none in page content,yes — legal/operating identity; plus any listed page-specific evidence,no,verified legal/operating identity for CoreX Concreters Camden; ownership and call-routing proof for 03 4517 6915; page-specific publication-wave approval; authoritative media/Astra import and logged-out visual QA,"Keep draft; resolve page evidence and wave gate, then stage and QA before any status change."
/concreters-narellan/,suburb,draft,"global staging: noindex,nofollow,noarchive; page: noindex,follow",0,3,0,no — number present,none in page content,yes — legal/operating identity; plus any listed page-specific evidence,no,verified legal/operating identity for CoreX Concreters Camden; ownership and call-routing proof for 03 4517 6915; verified CoreX project in Narellan; page-specific publication-wave approval; authoritative media/Astra import and logged-out visual QA,"Keep draft; resolve page evidence and wave gate, then stage and QA before any status change."
/concreters-picton/,suburb,draft,"global staging: noindex,nofollow,noarchive; page: noindex,follow",0,0,0,no — number present,none in page content,yes — legal/operating identity; plus any listed page-specific evidence,no,verified legal/operating identity for CoreX Concreters Camden; ownership and call-routing proof for 03 4517 6915; page-specific publication-wave approval; authoritative media/Astra import and logged-out visual QA,"Keep draft; resolve page evidence and wave gate, then stage and QA before any status change."
/concreters-prestons/,suburb,draft,"global staging: noindex,nofollow,noarchive; page: noindex,follow",0,0,0,no — number present,none in page content,yes — legal/operating identity; plus any listed page-specific evidence,no,verified legal/operating identity for CoreX Concreters Camden; ownership and call-routing proof for 03 4517 6915; page-specific publication-wave approval; authoritative media/Astra import and logged-out visual QA,"Keep draft; resolve page evidence and wave gate, then stage and QA before any status change."
/concreters-raby/,suburb,draft,"global staging: noindex,nofollow,noarchive; page: noindex,follow",0,0,0,no — number present,none in page content,yes — legal/operating identity; plus any listed page-specific evidence,no,verified legal/operating identity for CoreX Concreters Camden; ownership and call-routing proof for 03 4517 6915; page-specific publication-wave approval; authoritative media/Astra import and logged-out visual QA,"Keep draft; resolve page evidence and wave gate, then stage and QA before any status change."
/concreters-rossmore/,suburb,draft,"global staging: noindex,nofollow,noarchive; page: noindex,follow",0,0,0,no — number present,none in page content,yes — legal/operating identity; plus any listed page-specific evidence,no,verified legal/operating identity for CoreX Concreters Camden; ownership and call-routing proof for 03 4517 6915; page-specific publication-wave approval; authoritative media/Astra import and logged-out visual QA,"Keep draft; resolve page evidence and wave gate, then stage and QA before any status change."
/concreters-smeaton-grange/,suburb,draft,"global staging: noindex,nofollow,noarchive; page: noindex,follow",0,0,0,no — number present,none in page content,yes — legal/operating identity; plus any listed page-specific evidence,no,verified legal/operating identity for CoreX Concreters Camden; ownership and call-routing proof for 03 4517 6915; page-specific publication-wave approval; authoritative media/Astra import and logged-out visual QA,"Keep draft; resolve page evidence and wave gate, then stage and QA before any status change."
/concreters-spring-farm/,suburb,draft,"global staging: noindex,nofollow,noarchive; page: noindex,follow",0,3,0,no — number present,none in page content,yes — legal/operating identity; plus any listed page-specific evidence,no,verified legal/operating identity for CoreX Concreters Camden; ownership and call-routing proof for 03 4517 6915; verified CoreX project in Spring Farm; page-specific publication-wave approval; authoritative media/Astra import and logged-out visual QA,"Keep draft; resolve page evidence and wave gate, then stage and QA before any status change."
/concreters-tahmoor/,suburb,draft,"global staging: noindex,nofollow,noarchive; page: noindex,follow",0,0,0,no — number present,none in page content,yes — legal/operating identity; plus any listed page-specific evidence,no,verified legal/operating identity for CoreX Concreters Camden; ownership and call-routing proof for 03 4517 6915; page-specific publication-wave approval; authoritative media/Astra import and logged-out visual QA,"Keep draft; resolve page evidence and wave gate, then stage and QA before any status change."
/concreters-the-oaks/,suburb,draft,"global staging: noindex,nofollow,noarchive; page: noindex,follow",0,0,0,no — number present,none in page content,yes — legal/operating identity; plus any listed page-specific evidence,no,verified legal/operating identity for CoreX Concreters Camden; ownership and call-routing proof for 03 4517 6915; page-specific publication-wave approval; authoritative media/Astra import and logged-out visual QA,"Keep draft; resolve page evidence and wave gate, then stage and QA before any status change."
/concreters-theresa-park/,suburb,draft,"global staging: noindex,nofollow,noarchive; page: noindex,follow",0,0,0,no — number present,none in page content,yes — legal/operating identity; plus any listed page-specific evidence,no,verified legal/operating identity for CoreX Concreters Camden; ownership and call-routing proof for 03 4517 6915; page-specific publication-wave approval; authoritative media/Astra import and logged-out visual QA,"Keep draft; resolve page evidence and wave gate, then stage and QA before any status change."
/concreters-wattle-grove/,suburb,draft,"global staging: noindex,nofollow,noarchive; page: noindex,follow",0,0,0,no — number present,none in page content,yes — legal/operating identity; plus any listed page-specific evidence,no,verified legal/operating identity for CoreX Concreters Camden; ownership and call-routing proof for 03 4517 6915; page-specific publication-wave approval; authoritative media/Astra import and logged-out visual QA,"Keep draft; resolve page evidence and wave gate, then stage and QA before any status change."
/concreters-west-hoxton/,suburb,draft,"global staging: noindex,nofollow,noarchive; page: noindex,follow",0,0,0,no — number present,none in page content,yes — legal/operating identity; plus any listed page-specific evidence,no,verified legal/operating identity for CoreX Concreters Camden; ownership and call-routing proof for 03 4517 6915; page-specific publication-wave approval; authoritative media/Astra import and logged-out visual QA,"Keep draft; resolve page evidence and wave gate, then stage and QA before any status change."
/concreters-wilton/,suburb,draft,"global staging: noindex,nofollow,noarchive; page: noindex,follow",0,0,0,no — number present,none in page content,yes — legal/operating identity; plus any listed page-specific evidence,no,verified legal/operating identity for CoreX Concreters Camden; ownership and call-routing proof for 03 4517 6915; page-specific publication-wave approval; authoritative media/Astra import and logged-out visual QA,"Keep draft; resolve page evidence and wave gate, then stage and QA before any status change."
/concrete-crossovers-and-laybacks-oran-park/,intersection,draft,"global staging: noindex,nofollow,noarchive; page: noindex,follow",3,0,0,no — global contact presentation unverified,none in page content,yes — legal/operating identity; plus any listed page-specific evidence,no,verified legal/operating identity for CoreX Concreters Camden; verified global header/footer phone after Astra settings are supplied; real CoreX quoted range for concrete crossovers and laybacks in Oran Park and the site inputs behind it; verified CoreX ABN; verified CoreX business address; page-specific publication-wave approval; authoritative media/Astra import and logged-out visual QA,"Keep draft; resolve page evidence and wave gate, then stage and QA before any status change."
/concrete-driveways-oran-park/,intersection,draft,"global staging: noindex,nofollow,noarchive; page: noindex,follow",1,0,0,no — number present,none in page content,yes — legal/operating identity; plus any listed page-specific evidence,no,verified legal/operating identity for CoreX Concreters Camden; ownership and call-routing proof for 03 4517 6915; real CoreX quoted range for concrete driveways in Oran Park and the site inputs behind it; page-specific publication-wave approval; authoritative media/Astra import and logged-out visual QA,"Keep draft; resolve page evidence and wave gate, then stage and QA before any status change."
/shed-and-garage-slabs-oran-park/,intersection,draft,"global staging: noindex,nofollow,noarchive; page: noindex,follow",1,0,0,no — global contact presentation unverified,none in page content,yes — legal/operating identity; plus any listed page-specific evidence,no,verified legal/operating identity for CoreX Concreters Camden; verified global header/footer phone after Astra settings are supplied; real CoreX quoted range for shed and garage slabs in Oran Park and the site inputs behind it; page-specific publication-wave approval; authoritative media/Astra import and logged-out visual QA,"Keep draft; resolve page evidence and wave gate, then stage and QA before any status change."
/exposed-aggregate-oran-park/,intersection,draft,"global staging: noindex,nofollow,noarchive; page: noindex,follow",1,0,0,no — global contact presentation unverified,none in page content,yes — legal/operating identity; plus any listed page-specific evidence,no,verified legal/operating identity for CoreX Concreters Camden; verified global header/footer phone after Astra settings are supplied; real CoreX quoted range for exposed aggregate concrete in Oran Park and the site inputs behind it; page-specific publication-wave approval; authoritative media/Astra import and logged-out visual QA,"Keep draft; resolve page evidence and wave gate, then stage and QA before any status change."
/concrete-crossovers-and-laybacks-leppington/,intersection,draft,"global staging: noindex,nofollow,noarchive; page: noindex,follow",3,0,0,no — global contact presentation unverified,none in page content,yes — legal/operating identity; plus any listed page-specific evidence,no,verified legal/operating identity for CoreX Concreters Camden; verified global header/footer phone after Astra settings are supplied; real CoreX quoted range for concrete crossovers and laybacks in Leppington and the site inputs behind it; verified CoreX ABN; verified CoreX business address; page-specific publication-wave approval; authoritative media/Astra import and logged-out visual QA,"Keep draft; resolve page evidence and wave gate, then stage and QA before any status change."
/concrete-slabs-leppington/,intersection,draft,"global staging: noindex,nofollow,noarchive; page: noindex,follow",1,0,0,no — global contact presentation unverified,none in page content,yes — legal/operating identity; plus any listed page-specific evidence,no,verified legal/operating identity for CoreX Concreters Camden; verified global header/footer phone after Astra settings are supplied; real CoreX quoted range for concrete slabs in Leppington and the site inputs behind it; page-specific publication-wave approval; authoritative media/Astra import and logged-out visual QA,"Keep draft; resolve page evidence and wave gate, then stage and QA before any status change."
/concrete-driveways-leppington/,intersection,draft,"global staging: noindex,nofollow,noarchive; page: noindex,follow",1,0,0,no — number present,none in page content,yes — legal/operating identity; plus any listed page-specific evidence,no,verified legal/operating identity for CoreX Concreters Camden; ownership and call-routing proof for 03 4517 6915; real CoreX quoted range for concrete driveways in Leppington and the site inputs behind it; page-specific publication-wave approval; authoritative media/Astra import and logged-out visual QA,"Keep draft; resolve page evidence and wave gate, then stage and QA before any status change."
/commercial-concreting-gregory-hills/,intersection,draft,"global staging: noindex,nofollow,noarchive; page: noindex,follow",1,0,0,no — global contact presentation unverified,none in page content,yes — legal/operating identity; plus any listed page-specific evidence,no,verified legal/operating identity for CoreX Concreters Camden; verified global header/footer phone after Astra settings are supplied; real CoreX quoted range for commercial concreting in Gregory Hills and the site inputs behind it; page-specific publication-wave approval; authoritative media/Astra import and logged-out visual QA,"Keep draft; resolve page evidence and wave gate, then stage and QA before any status change."
/concrete-slabs-gregory-hills/,intersection,draft,"global staging: noindex,nofollow,noarchive; page: noindex,follow",1,0,0,no — global contact presentation unverified,none in page content,yes — legal/operating identity; plus any listed page-specific evidence,no,verified legal/operating identity for CoreX Concreters Camden; verified global header/footer phone after Astra settings are supplied; real CoreX quoted range for concrete slabs in Gregory Hills and the site inputs behind it; page-specific publication-wave approval; authoritative media/Astra import and logged-out visual QA,"Keep draft; resolve page evidence and wave gate, then stage and QA before any status change."
/concrete-slabs-gledswood-hills/,intersection,draft,"global staging: noindex,nofollow,noarchive; page: noindex,follow",1,0,0,no — global contact presentation unverified,none in page content,yes — legal/operating identity; plus any listed page-specific evidence,no,verified legal/operating identity for CoreX Concreters Camden; verified global header/footer phone after Astra settings are supplied; real CoreX quoted range for concrete slabs in Gledswood Hills and the site inputs behind it; page-specific publication-wave approval; authoritative media/Astra import and logged-out visual QA,"Keep draft; resolve page evidence and wave gate, then stage and QA before any status change."
/exposed-aggregate-gledswood-hills/,intersection,draft,"global staging: noindex,nofollow,noarchive; page: noindex,follow",1,0,0,no — global contact presentation unverified,none in page content,yes — legal/operating identity; plus any listed page-specific evidence,no,verified legal/operating identity for CoreX Concreters Camden; verified global header/footer phone after Astra settings are supplied; real CoreX quoted range for exposed aggregate concrete in Gledswood Hills and the site inputs behind it; page-specific publication-wave approval; authoritative media/Astra import and logged-out visual QA,"Keep draft; resolve page evidence and wave gate, then stage and QA before any status change."
/concrete-patios-gledswood-hills/,intersection,draft,"global staging: noindex,nofollow,noarchive; page: noindex,follow",3,0,0,no — number present,none in page content,yes — legal/operating identity; plus any listed page-specific evidence,no,verified legal/operating identity for CoreX Concreters Camden; ownership and call-routing proof for 03 4517 6915; real CoreX quoted range for concrete patios and alfresco slabs in Gledswood Hills and the site inputs behind it; verified CoreX ABN; verified CoreX business address; page-specific publication-wave approval; authoritative media/Astra import and logged-out visual QA,"Keep draft; resolve page evidence and wave gate, then stage and QA before any status change."
/concrete-driveways-austral/,intersection,draft,"global staging: noindex,nofollow,noarchive; page: noindex,follow",1,0,0,no — number present,none in page content,yes — legal/operating identity; plus any listed page-specific evidence,no,verified legal/operating identity for CoreX Concreters Camden; ownership and call-routing proof for 03 4517 6915; real CoreX quoted range for concrete driveways in Austral and the site inputs behind it; page-specific publication-wave approval; authoritative media/Astra import and logged-out visual QA,"Keep draft; resolve page evidence and wave gate, then stage and QA before any status change."
/concrete-slabs-austral/,intersection,draft,"global staging: noindex,nofollow,noarchive; page: noindex,follow",1,0,0,no — global contact presentation unverified,none in page content,yes — legal/operating identity; plus any listed page-specific evidence,no,verified legal/operating identity for CoreX Concreters Camden; verified global header/footer phone after Astra settings are supplied; real CoreX quoted range for concrete slabs in Austral and the site inputs behind it; page-specific publication-wave approval; authoritative media/Astra import and logged-out visual QA,"Keep draft; resolve page evidence and wave gate, then stage and QA before any status change."
/concrete-crossovers-and-laybacks-austral/,intersection,draft,"global staging: noindex,nofollow,noarchive; page: noindex,follow",3,0,0,no — global contact presentation unverified,none in page content,yes — legal/operating identity; plus any listed page-specific evidence,no,verified legal/operating identity for CoreX Concreters Camden; verified global header/footer phone after Astra settings are supplied; real CoreX quoted range for concrete crossovers and laybacks in Austral and the site inputs behind it; verified CoreX ABN; verified CoreX business address; page-specific publication-wave approval; authoritative media/Astra import and logged-out visual QA,"Keep draft; resolve page evidence and wave gate, then stage and QA before any status change."
/exposed-aggregate-harrington-park/,intersection,draft,"global staging: noindex,nofollow,noarchive; page: noindex,follow",1,0,0,no — global contact presentation unverified,none in page content,yes — legal/operating identity; plus any listed page-specific evidence,no,verified legal/operating identity for CoreX Concreters Camden; verified global header/footer phone after Astra settings are supplied; real CoreX quoted range for exposed aggregate concrete in Harrington Park and the site inputs behind it; page-specific publication-wave approval; authoritative media/Astra import and logged-out visual QA,"Keep draft; resolve page evidence and wave gate, then stage and QA before any status change."
/decorative-concrete-harrington-park/,intersection,draft,"global staging: noindex,nofollow,noarchive; page: noindex,follow",1,0,0,no — global contact presentation unverified,none in page content,yes — legal/operating identity; plus any listed page-specific evidence,no,verified legal/operating identity for CoreX Concreters Camden; verified global header/footer phone after Astra settings are supplied; real CoreX quoted range for decorative concrete in Harrington Park and the site inputs behind it; page-specific publication-wave approval; authoritative media/Astra import and logged-out visual QA,"Keep draft; resolve page evidence and wave gate, then stage and QA before any status change."
/concrete-driveway-replacement-harrington-park/,intersection,draft,"global staging: noindex,nofollow,noarchive; page: noindex,follow",1,0,0,no — number present,none in page content,yes — legal/operating identity; plus any listed page-specific evidence,no,verified legal/operating identity for CoreX Concreters Camden; ownership and call-routing proof for 03 4517 6915; real CoreX quoted range for concrete driveway replacement in Harrington Park and the site inputs behind it; page-specific publication-wave approval; authoritative media/Astra import and logged-out visual QA,"Keep draft; resolve page evidence and wave gate, then stage and QA before any status change."
/concrete-driveways-catherine-field/,intersection,draft,"global staging: noindex,nofollow,noarchive; page: noindex,follow",1,0,0,no — number present,none in page content,yes — legal/operating identity; plus any listed page-specific evidence,no,verified legal/operating identity for CoreX Concreters Camden; ownership and call-routing proof for 03 4517 6915; real CoreX quoted range for concrete driveways in Catherine Field and the site inputs behind it; page-specific publication-wave approval; authoritative media/Astra import and logged-out visual QA,"Keep draft; resolve page evidence and wave gate, then stage and QA before any status change."
/shed-and-garage-slabs-catherine-field/,intersection,draft,"global staging: noindex,nofollow,noarchive; page: noindex,follow",1,0,0,no — global contact presentation unverified,none in page content,yes — legal/operating identity; plus any listed page-specific evidence,no,verified legal/operating identity for CoreX Concreters Camden; verified global header/footer phone after Astra settings are supplied; real CoreX quoted range for shed and garage slabs in Catherine Field and the site inputs behind it; page-specific publication-wave approval; authoritative media/Astra import and logged-out visual QA,"Keep draft; resolve page evidence and wave gate, then stage and QA before any status change."
/concrete-paths-edmondson-park/,intersection,draft,"global staging: noindex,nofollow,noarchive; page: noindex,follow",3,0,0,no — number present,none in page content,yes — legal/operating identity; plus any listed page-specific evidence,no,verified legal/operating identity for CoreX Concreters Camden; ownership and call-routing proof for 03 4517 6915; real CoreX quoted range for concrete paths and pathways in Edmondson Park and the site inputs behind it; verified CoreX ABN; verified CoreX business address; page-specific publication-wave approval; authoritative media/Astra import and logged-out visual QA,"Keep draft; resolve page evidence and wave gate, then stage and QA before any status change."
/concrete-patios-edmondson-park/,intersection,draft,"global staging: noindex,nofollow,noarchive; page: noindex,follow",3,0,0,no — number present,none in page content,yes — legal/operating identity; plus any listed page-specific evidence,no,verified legal/operating identity for CoreX Concreters Camden; ownership and call-routing proof for 03 4517 6915; real CoreX quoted range for concrete patios and alfresco slabs in Edmondson Park and the site inputs behind it; verified CoreX ABN; verified CoreX business address; page-specific publication-wave approval; authoritative media/Astra import and logged-out visual QA,"Keep draft; resolve page evidence and wave gate, then stage and QA before any status change."
/concrete-driveways-edmondson-park/,intersection,draft,"global staging: noindex,nofollow,noarchive; page: noindex,follow",1,0,0,no — number present,none in page content,yes — legal/operating identity; plus any listed page-specific evidence,no,verified legal/operating identity for CoreX Concreters Camden; ownership and call-routing proof for 03 4517 6915; real CoreX quoted range for concrete driveways in Edmondson Park and the site inputs behind it; page-specific publication-wave approval; authoritative media/Astra import and logged-out visual QA,"Keep draft; resolve page evidence and wave gate, then stage and QA before any status change."
/commercial-concreting-narellan/,intersection,draft,"global staging: noindex,nofollow,noarchive; page: noindex,follow",1,0,0,no — global contact presentation unverified,none in page content,yes — legal/operating identity; plus any listed page-specific evidence,no,verified legal/operating identity for CoreX Concreters Camden; verified global header/footer phone after Astra settings are supplied; real CoreX quoted range for commercial concreting in Narellan and the site inputs behind it; page-specific publication-wave approval; authoritative media/Astra import and logged-out visual QA,"Keep draft; resolve page evidence and wave gate, then stage and QA before any status change."
/concrete-driveway-replacement-narellan/,intersection,draft,"global staging: noindex,nofollow,noarchive; page: noindex,follow",1,0,0,no — number present,none in page content,yes — legal/operating identity; plus any listed page-specific evidence,no,verified legal/operating identity for CoreX Concreters Camden; ownership and call-routing proof for 03 4517 6915; real CoreX quoted range for concrete driveway replacement in Narellan and the site inputs behind it; page-specific publication-wave approval; authoritative media/Astra import and logged-out visual QA,"Keep draft; resolve page evidence and wave gate, then stage and QA before any status change."
/concrete-driveway-replacement-mount-annan/,intersection,draft,"global staging: noindex,nofollow,noarchive; page: noindex,follow",1,0,0,no — number present,none in page content,yes — legal/operating identity; plus any listed page-specific evidence,no,verified legal/operating identity for CoreX Concreters Camden; ownership and call-routing proof for 03 4517 6915; real CoreX quoted range for concrete driveway replacement in Mount Annan and the site inputs behind it; page-specific publication-wave approval; authoritative media/Astra import and logged-out visual QA,"Keep draft; resolve page evidence and wave gate, then stage and QA before any status change."
/concrete-driveways-spring-farm/,intersection,draft,"global staging: noindex,nofollow,noarchive; page: noindex,follow",1,0,0,no — number present,none in page content,yes — legal/operating identity; plus any listed page-specific evidence,no,verified legal/operating identity for CoreX Concreters Camden; ownership and call-routing proof for 03 4517 6915; real CoreX quoted range for concrete driveways in Spring Farm and the site inputs behind it; page-specific publication-wave approval; authoritative media/Astra import and logged-out visual QA,"Keep draft; resolve page evidence and wave gate, then stage and QA before any status change."
/concrete-crossovers-and-laybacks-spring-farm/,intersection,draft,"global staging: noindex,nofollow,noarchive; page: noindex,follow",3,0,0,no — global contact presentation unverified,none in page content,yes — legal/operating identity; plus any listed page-specific evidence,no,verified legal/operating identity for CoreX Concreters Camden; verified global header/footer phone after Astra settings are supplied; real CoreX quoted range for concrete crossovers and laybacks in Spring Farm and the site inputs behind it; verified CoreX ABN; verified CoreX business address; page-specific publication-wave approval; authoritative media/Astra import and logged-out visual QA,"Keep draft; resolve page evidence and wave gate, then stage and QA before any status change."
/concrete-patios-elderslie/,intersection,draft,"global staging: noindex,nofollow,noarchive; page: noindex,follow",3,0,0,no — number present,none in page content,yes — legal/operating identity; plus any listed page-specific evidence,no,verified legal/operating identity for CoreX Concreters Camden; ownership and call-routing proof for 03 4517 6915; real CoreX quoted range for concrete patios and alfresco slabs in Elderslie and the site inputs behind it; verified CoreX ABN; verified CoreX business address; page-specific publication-wave approval; authoritative media/Astra import and logged-out visual QA,"Keep draft; resolve page evidence and wave gate, then stage and QA before any status change."
/concrete-crossovers-and-laybacks-currans-hill/,intersection,draft,"global staging: noindex,nofollow,noarchive; page: noindex,follow",3,0,0,no — global contact presentation unverified,none in page content,yes — legal/operating identity; plus any listed page-specific evidence,no,verified legal/operating identity for CoreX Concreters Camden; verified global header/footer phone after Astra settings are supplied; real CoreX quoted range for concrete crossovers and laybacks in Currans Hill and the site inputs behind it; verified CoreX ABN; verified CoreX business address; page-specific publication-wave approval; authoritative media/Astra import and logged-out visual QA,"Keep draft; resolve page evidence and wave gate, then stage and QA before any status change."
/concrete-driveway-replacement-currans-hill/,intersection,draft,"global staging: noindex,nofollow,noarchive; page: noindex,follow",1,0,0,no — number present,none in page content,yes — legal/operating identity; plus any listed page-specific evidence,no,verified legal/operating identity for CoreX Concreters Camden; ownership and call-routing proof for 03 4517 6915; real CoreX quoted range for concrete driveway replacement in Currans Hill and the site inputs behind it; page-specific publication-wave approval; authoritative media/Astra import and logged-out visual QA,"Keep draft; resolve page evidence and wave gate, then stage and QA before any status change."
/concrete-driveways-cobbitty/,intersection,draft,"global staging: noindex,nofollow,noarchive; page: noindex,follow",1,0,0,no — number present,none in page content,yes — legal/operating identity; plus any listed page-specific evidence,no,verified legal/operating identity for CoreX Concreters Camden; ownership and call-routing proof for 03 4517 6915; real CoreX quoted range for concrete driveways in Cobbitty and the site inputs behind it; page-specific publication-wave approval; authoritative media/Astra import and logged-out visual QA,"Keep draft; resolve page evidence and wave gate, then stage and QA before any status change."
/commercial-concreting-cobbitty/,intersection,draft,"global staging: noindex,nofollow,noarchive; page: noindex,follow",1,0,0,no — global contact presentation unverified,none in page content,yes — legal/operating identity; plus any listed page-specific evidence,no,verified legal/operating identity for CoreX Concreters Camden; verified global header/footer phone after Astra settings are supplied; real CoreX quoted range for commercial concreting in Cobbitty and the site inputs behind it; page-specific publication-wave approval; authoritative media/Astra import and logged-out visual QA,"Keep draft; resolve page evidence and wave gate, then stage and QA before any status change."
/commercial-concreting-bringelly/,intersection,draft,"global staging: noindex,nofollow,noarchive; page: noindex,follow",1,0,0,no — global contact presentation unverified,none in page content,yes — legal/operating identity; plus any listed page-specific evidence,no,verified legal/operating identity for CoreX Concreters Camden; verified global header/footer phone after Astra settings are supplied; real CoreX quoted range for commercial concreting in Bringelly and the site inputs behind it; page-specific publication-wave approval; authoritative media/Astra import and logged-out visual QA,"Keep draft; resolve page evidence and wave gate, then stage and QA before any status change."
/concrete-slabs-bringelly/,intersection,draft,"global staging: noindex,nofollow,noarchive; page: noindex,follow",1,0,0,no — global contact presentation unverified,none in page content,yes — legal/operating identity; plus any listed page-specific evidence,no,verified legal/operating identity for CoreX Concreters Camden; verified global header/footer phone after Astra settings are supplied; real CoreX quoted range for concrete slabs in Bringelly and the site inputs behind it; page-specific publication-wave approval; authoritative media/Astra import and logged-out visual QA,"Keep draft; resolve page evidence and wave gate, then stage and QA before any status change."
/coloured-concrete-driveway-cost/,cost_comparison,draft,"global staging: noindex,nofollow,noarchive; page: noindex,follow",3,0,0,no — global contact presentation unverified,none in page content,yes — legal/operating identity; plus any listed page-specific evidence,no,"verified legal/operating identity for CoreX Concreters Camden; verified global header/footer phone after Astra settings are supplied; operator-approved rates, formula, assumptions and effective date for Coloured Concrete Driveway Cost from real CoreX quotes; verified CoreX ABN; verified CoreX business address; page-specific publication-wave approval; authoritative media/Astra import and logged-out visual QA","Keep draft; resolve page evidence and wave gate, then stage and QA before any status change."
/concrete-vs-asphalt/,cost_comparison,draft,"global staging: noindex,nofollow,noarchive; page: noindex,follow",0,0,0,no — number present,none in page content,yes — legal/operating identity; plus any listed page-specific evidence,no,verified legal/operating identity for CoreX Concreters Camden; ownership and call-routing proof for 03 4517 6915; page-specific publication-wave approval; authoritative media/Astra import and logged-out visual QA,"Keep draft; resolve page evidence and wave gate, then stage and QA before any status change."
/concrete-vs-pavers/,cost_comparison,draft,"global staging: noindex,nofollow,noarchive; page: noindex,follow",0,0,0,no — number present,none in page content,yes — legal/operating identity; plus any listed page-specific evidence,no,verified legal/operating identity for CoreX Concreters Camden; ownership and call-routing proof for 03 4517 6915; page-specific publication-wave approval; authoritative media/Astra import and logged-out visual QA,"Keep draft; resolve page evidence and wave gate, then stage and QA before any status change."
/diy-concrete-vs-hiring-a-concreter/,cost_comparison,draft,"global staging: noindex,nofollow,noarchive; page: noindex,follow",0,0,0,no — number present,none in page content,yes — legal/operating identity; plus any listed page-specific evidence,no,verified legal/operating identity for CoreX Concreters Camden; ownership and call-routing proof for 03 4517 6915; page-specific publication-wave approval; authoritative media/Astra import and logged-out visual QA,"Keep draft; resolve page evidence and wave gate, then stage and QA before any status change."
/driveway-cost-calculator/,cost_comparison,draft,"global staging: noindex,nofollow,noarchive; page: noindex,follow",3,0,0,no — global contact presentation unverified,none in page content,yes — legal/operating identity; plus any listed page-specific evidence,no,"verified legal/operating identity for CoreX Concreters Camden; verified global header/footer phone after Astra settings are supplied; operator-approved rates, formula, assumptions and effective date for Driveway Cost Calculator from real CoreX quotes; verified CoreX ABN; verified CoreX business address; page-specific publication-wave approval; authoritative media/Astra import and logged-out visual QA","Keep draft; resolve page evidence and wave gate, then stage and QA before any status change."
/exposed-aggregate-driveway-cost/,cost_comparison,draft,"global staging: noindex,nofollow,noarchive; page: noindex,follow",3,0,0,no — global contact presentation unverified,none in page content,yes — legal/operating identity; plus any listed page-specific evidence,no,"verified legal/operating identity for CoreX Concreters Camden; verified global header/footer phone after Astra settings are supplied; operator-approved rates, formula, assumptions and effective date for Exposed Aggregate Driveway Cost from real CoreX quotes; verified CoreX ABN; verified CoreX business address; page-specific publication-wave approval; authoritative media/Astra import and logged-out visual QA","Keep draft; resolve page evidence and wave gate, then stage and QA before any status change."
/exposed-aggregate-vs-plain-concrete/,cost_comparison,draft,"global staging: noindex,nofollow,noarchive; page: noindex,follow",0,0,0,no — number present,none in page content,yes — legal/operating identity; plus any listed page-specific evidence,no,verified legal/operating identity for CoreX Concreters Camden; ownership and call-routing proof for 03 4517 6915; page-specific publication-wave approval; authoritative media/Astra import and logged-out visual QA,"Keep draft; resolve page evidence and wave gate, then stage and QA before any status change."
/plain-concrete-driveway-cost/,cost_comparison,draft,"global staging: noindex,nofollow,noarchive; page: noindex,follow",3,0,0,no — global contact presentation unverified,none in page content,yes — legal/operating identity; plus any listed page-specific evidence,no,"verified legal/operating identity for CoreX Concreters Camden; verified global header/footer phone after Astra settings are supplied; operator-approved rates, formula, assumptions and effective date for Plain Concrete Driveway Cost from real CoreX quotes; verified CoreX ABN; verified CoreX business address; page-specific publication-wave approval; authoritative media/Astra import and logged-out visual QA","Keep draft; resolve page evidence and wave gate, then stage and QA before any status change."
/slab-volume-calculator/,cost_comparison,draft,"global staging: noindex,nofollow,noarchive; page: noindex,follow",3,0,0,no — global contact presentation unverified,none in page content,yes — legal/operating identity; plus any listed page-specific evidence,no,"verified legal/operating identity for CoreX Concreters Camden; verified global header/footer phone after Astra settings are supplied; operator-approved rates, formula, assumptions and effective date for Slab Volume Calculator from real CoreX quotes; verified CoreX ABN; verified CoreX business address; page-specific publication-wave approval; authoritative media/Astra import and logged-out visual QA","Keep draft; resolve page evidence and wave gate, then stage and QA before any status change."
/stencilled-concrete-driveway-cost/,cost_comparison,draft,"global staging: noindex,nofollow,noarchive; page: noindex,follow",3,0,0,no — global contact presentation unverified,none in page content,yes — legal/operating identity; plus any listed page-specific evidence,no,"verified legal/operating identity for CoreX Concreters Camden; verified global header/footer phone after Astra settings are supplied; operator-approved rates, formula, assumptions and effective date for Stencilled Concrete Driveway Cost from real CoreX quotes; verified CoreX ABN; verified CoreX business address; page-specific publication-wave approval; authoritative media/Astra import and logged-out visual QA","Keep draft; resolve page evidence and wave gate, then stage and QA before any status change."
