attachment_id,source_filename,current_filename,pages_used,page_slugs,page_classes,module,module_distribution,role,dimensions,aspect_ratio,current_alt_text,geographic_claim,depicts_actually,replacement_brief,must_not_contain,min_resolution,proposed_filename,proposed_alt_text,disposition
226,concretejob2werribee.jpg,concretejob2camden-226.jpg,14,commercial-concreting-gregory-hills;concrete-driveway-replacement-narellan;concrete-driveways-oran-park;concrete-slabs-bringelly;concrete-strength-grades-explained;concreters-bargo;concreters-cecil-park;concreters-elizabeth-hills;concreters-hoxton-park;concreters-mount-annan;concreters-spring-farm;exposed-aggregate-south-west-sydney;how-long-before-you-can-drive-on-concrete;slab-thickness-for-driveways-vs-sheds,suburb:6;intersection:4;guide:3;service:1,GENERIC DECORATIVE SLOT — not subject-matched to any built module; see reports/33-image-replacement-spec.md §3,plain image widget=9; service tiles=Concrete Slabs:2;Exposed Aggregate:1;Paths & Pathways:1;Patios & Alfresco:1;Coloured & Decorative:1,inline,640x480,1.333,"14 distinct, auto-generated as '<attachment title> in the context of <page title>' | Concretejob2camden in the context of Commercial Concreting Gregory Hills | Concretejob2camden in the context of Concrete Driveway Replacement Narellan | Concretejob2camden in the context of Concrete Driveways Oran Park | ...",Filename asserts the job is in Camden.,"A finished residential concrete slab, location not determinable from the image.","Freshly poured and finished residential concrete slab, mid-job, trowel marks visible, no people in frame, overcast daylight, landscape 4:3","identifiable faces; number plates; visible business signage or branding; non-Australian architecture, vegetation or road markings; left-hand-drive vehicles; snow; competitor branding",640x480 or larger,residential-concrete-slab-finished-01.jpg,Freshly finished residential concrete slab,REPLACE
306,e_t_co_concreters_favicon_512_symbol_only.png,corex-concreters-camden-logo-306.png,8,about;concrete-patios-edmondson-park;concrete-patios-elderslie;concrete-patios-gledswood-hills;concrete-patios-south-west-sydney;contact;gallery;quote,utility:4;intersection:3;service:1,GENERIC DECORATIVE SLOT — not subject-matched to any built module; see reports/33-image-replacement-spec.md §3,plain image widget=8; service tiles=none,logo/brand asset,512x512,1.0,"1 distinct, auto-generated as '<attachment title> in the context of <page title>' | CoreX Concreters Camden logo",Filename and alt assert this is the CoreX Camden logo.,The source Melbourne business's favicon symbol.,"n/a — this is a brand asset, not a photograph. It cannot be filled from a stock photo library. Owner direction required: commission a logo, supply an existing one, or confirm the source business's symbol may be used.",n/a,n/a,owner direction required,owner direction required,"HOLD — LOGO, NOT PHOTOGRAPHY"
307,cropped-e_t_co_concreters_favicon_512_symbol_only.png,corex-concreters-camden-logo-307.png,2,concrete-paths-edmondson-park;concrete-paths-south-west-sydney,intersection:1;service:1,GENERIC DECORATIVE SLOT — not subject-matched to any built module; see reports/33-image-replacement-spec.md §3,plain image widget=2; service tiles=none,logo/brand asset,512x374,1.369,"1 distinct, auto-generated as '<attachment title> in the context of <page title>' | CoreX Concreters Camden logo",Filename and alt assert this is the CoreX Camden logo.,A cropped version of the source business's favicon symbol.,"n/a — this is a brand asset, not a photograph. It cannot be filled from a stock photo library. Owner direction required: commission a logo, supply an existing one, or confirm the source business's symbol may be used.",n/a,n/a,owner direction required,owner direction required,"HOLD — LOGO, NOT PHOTOGRAPHY"
422,cropped-e_t_co_concreters_favicon_512_symbol_only-1.png,corex-concreters-camden-logo-422.png,0,,,GENERIC DECORATIVE SLOT — not subject-matched to any built module; see reports/33-image-replacement-spec.md §3,plain image widget=0; service tiles=none,logo/brand asset,512x364,1.407,Corex concreters camden logo,Filename and alt assert this is the CoreX Camden logo.,A second cropped version of the source business's favicon symbol.,"n/a — this is a brand asset, not a photograph. It cannot be filled from a stock photo library. Owner direction required: commission a logo, supply an existing one, or confirm the source business's symbol may be used.",n/a,n/a,owner direction required,owner direction required,"HOLD — LOGO, NOT PHOTOGRAPHY"
480,pointcook1.webp,oran-park1-480.webp,14,commercial-concreting-narellan;concrete-driveway-replacement-south-west-sydney;concrete-driveways-south-west-sydney;concrete-slabs-gledswood-hills;concrete-vs-pavers-vs-asphalt;concreters-bringelly;concreters-cobbitty;concreters-gilead;concreters-kemps-creek;concreters-mount-annan;concreters-tahmoor;exposed-aggregate-vs-plain-concrete;liverpool-council-vehicle-crossing;stencilled-vs-stamped-concrete-cost,suburb:6;guide:3;intersection:2;service:2;cost_comparison:1,GENERIC DECORATIVE SLOT — not subject-matched to any built module; see reports/33-image-replacement-spec.md §3,plain image widget=9; service tiles=Patios & Alfresco:2;Coloured & Decorative:2;Concrete Slabs in Bringelly:1;Exposed Aggregate:1;Paths & Pathways:1,inline,1280x960,1.333,"14 distinct, auto-generated as '<attachment title> in the context of <page title>' | Oran park1 in the context of Commercial Concreting Narellan | Oran park1 in the context of Concrete Driveway Replacement South West Sydney | Oran park1 in the context of Concrete Driveways South West Sydney | ...","Filename asserts Oran Park, NSW.","A Point Cook, VIC residential streetscape.","Australian suburban residential street, single-storey brick-and-tile homes, concrete driveways visible from kerb, native street trees, clear daylight, landscape 4:3","identifiable faces; number plates; visible business signage or branding; non-Australian architecture, vegetation or road markings; left-hand-drive vehicles; snow; competitor branding",1280x960 or larger,suburban-street-concrete-driveways-01.webp,Suburban street with concrete driveways to single-storey homes,REPLACE
481,pointcook2.webp,oran-park2-481.webp,14,broom-finish-concrete;commercial-concreting-narellan;concrete-driveway-replacement-south-west-sydney;concrete-driveways-south-west-sydney;concrete-slabs-gregory-hills;concreters-bringelly;concreters-cobbitty;concreters-gledswood-hills;concreters-kemps-creek;concreters-narellan-vale;concreters-tahmoor;control-joints-and-saw-cut-timing;non-slip-finishes-for-pools-and-slopes;what-actually-moves-a-concrete-quote,suburb:6;guide:4;intersection:2;service:2,GENERIC DECORATIVE SLOT — not subject-matched to any built module; see reports/33-image-replacement-spec.md §3,plain image widget=8; service tiles=Concrete Driveways:2;Paths & Pathways:2;Exposed Aggregate in Bringelly:1;Patios & Alfresco:1;Coloured & Decorative:1,inline,1280x960,1.333,"14 distinct, auto-generated as '<attachment title> in the context of <page title>' | Oran park2 in the context of Broom Finish Concrete | Oran park2 in the context of Commercial Concreting Narellan | Oran park2 in the context of Concrete Driveway Replacement South West Sydney | ...","Filename asserts Oran Park, NSW.","A Point Cook, VIC residential streetscape.","Plain broom-finished concrete driveway running from kerb to a single garage, clean control joints, no vehicles, overcast daylight, landscape 4:3","identifiable faces; number plates; visible business signage or branding; non-Australian architecture, vegetation or road markings; left-hand-drive vehicles; snow; competitor branding",1280x960 or larger,broom-finish-concrete-driveway-01.webp,Broom-finished concrete driveway leading to a single garage,REPLACE
482,pointcook3.webp,oran-park3-482.webp,14,broom-finish-concrete;commercial-concreting-narellan;concrete-driveways-austral;concrete-driveways-south-west-sydney;concrete-slabs-gregory-hills;concreters-bringelly;concreters-cobbitty;concreters-gledswood-hills;concreters-kirkham;concreters-narellan-vale;concreters-the-oaks;control-joints-and-saw-cut-timing;non-slip-finishes-for-pools-and-slopes;what-actually-moves-a-concrete-quote,suburb:6;guide:4;intersection:3;service:1,GENERIC DECORATIVE SLOT — not subject-matched to any built module; see reports/33-image-replacement-spec.md §3,plain image widget=8; service tiles=Concrete Slabs:2;Concrete Driveways:2;Patios & Alfresco in Bringelly:1;Coloured & Decorative in Bringelly:1;Paths & Pathways:1,inline,765x1020,0.75,"14 distinct, auto-generated as '<attachment title> in the context of <page title>' | Oran park3 in the context of Broom Finish Concrete | Oran park3 in the context of Commercial Concreting Narellan | Oran park3 in the context of Concrete Driveways Austral | ...","Filename asserts Oran Park, NSW.","A Point Cook, VIC residential view, portrait orientation.","Close vertical crop of a concrete edge and control joint against garden bed, shallow depth of field, portrait 3:4","identifiable faces; number plates; visible business signage or branding; non-Australian architecture, vegetation or road markings; left-hand-drive vehicles; snow; competitor branding",765x1020 or larger,concrete-edge-control-joint-01.webp,Concrete driveway edge and control joint beside a garden bed,REPLACE
906,excavation-werribee.jpg,driveway-excavation-camden-906.jpg,14,broom-finish-concrete;commercial-concreting-narellan;concrete-driveways-austral;concrete-driveways-south-west-sydney;concrete-slabs-gregory-hills;concreters-bringelly;concreters-cobbitty;concreters-gledswood-hills;concreters-kirkham;concreters-narellan-vale;concreters-the-oaks;control-joints-and-saw-cut-timing;non-slip-finishes-for-pools-and-slopes;what-actually-moves-a-concrete-quote,suburb:6;guide:4;intersection:3;service:1,GENERIC DECORATIVE SLOT — not subject-matched to any built module; see reports/33-image-replacement-spec.md §3,plain image widget=10; service tiles=Patios & Alfresco:2;Coloured & Decorative:2;Exposed Aggregate:2,inline,738x384,1.922,"14 distinct, auto-generated as '<attachment title> in the context of <page title>' | Driveway excavation camden in the context of Broom Finish Concrete | Driveway excavation camden in the context of Commercial Concreting Narellan | Driveway excavation camden in the context of Concrete Driveways Austral | ...",Filename and alt assert the excavation is in Camden.,"A driveway excavation in Werribee, VIC.","Excavator bucket cutting a driveway sub-base, exposed subgrade and spoil pile, no operator face visible, daylight, wide landscape 2:1","identifiable faces; number plates; visible business signage or branding; non-Australian architecture, vegetation or road markings; left-hand-drive vehicles; snow; competitor branding",738x384 or larger,driveway-excavation-subbase-01.jpg,Excavation of a driveway sub-base before pouring,REPLACE
907,werribee-town.jpg,camden-town-centre-907.jpg,14,broom-finish-concrete;commercial-concreting-narellan;concrete-driveways-austral;concrete-driveways-south-west-sydney;concrete-slabs-gregory-hills;concreters-bringelly;concreters-cobbitty;concreters-gledswood-hills;concreters-kirkham;concreters-narellan-vale;concreters-the-oaks;control-joints-and-saw-cut-timing;non-slip-finishes-for-pools-and-slopes;what-actually-moves-a-concrete-quote,suburb:6;guide:4;intersection:3;service:1,GENERIC DECORATIVE SLOT — not subject-matched to any built module; see reports/33-image-replacement-spec.md §3,plain image widget=10; service tiles=Paths & Pathways:2;Patios & Alfresco:2;Coloured & Decorative:2,inline,515x388,1.327,"14 distinct, auto-generated as '<attachment title> in the context of <page title>' | Camden town centre in the context of Broom Finish Concrete | Camden town centre in the context of Commercial Concreting Narellan | Camden town centre in the context of Concrete Driveways Austral | ...",Filename and alt assert this is Camden town centre.,"Werribee town centre, VIC.","Australian suburban streetscape with kerb, footpath and vehicle crossing, no shopfront signage, overcast daylight, landscape 4:3","identifiable faces; number plates; visible business signage or branding; non-Australian architecture, vegetation or road markings; left-hand-drive vehicles; snow; competitor branding",515x388 or larger,suburban-street-kerb-and-crossing-01.jpg,"Suburban street showing kerb, footpath and a vehicle crossing",REPLACE
908,new-estates-werribee.jpg,oran-park-growth-estate-908.jpg,14,broom-finish-concrete;commercial-concreting-narellan;concrete-driveways-austral;concrete-driveways-south-west-sydney;concrete-slabs-gregory-hills;concreters-bringelly;concreters-cobbitty;concreters-gledswood-hills;concreters-kirkham;concreters-narellan;concreters-the-oaks;control-joints-and-saw-cut-timing;non-slip-finishes-for-pools-and-slopes;what-actually-moves-a-concrete-quote,suburb:6;guide:4;intersection:3;service:1,GENERIC DECORATIVE SLOT — not subject-matched to any built module; see reports/33-image-replacement-spec.md §3,plain image widget=11; service tiles=Paths & Pathways:2;Concrete Driveways:1,inline,534x374,1.428,"14 distinct, auto-generated as '<attachment title> in the context of <page title>' | Oran park growth estate in the context of Broom Finish Concrete | Oran park growth estate in the context of Commercial Concreting Narellan | Oran park growth estate in the context of Concrete Driveways Austral | ...",Filename and alt assert an Oran Park growth estate.,"A new-estate development in Werribee, VIC.","New-build residential estate under construction, house frames and fresh concrete slabs, no signage or branding, daylight, landscape 3:2","identifiable faces; number plates; visible business signage or branding; non-Australian architecture, vegetation or road markings; left-hand-drive vehicles; snow; competitor branding",534x374 or larger,new-residential-estate-slabs-01.jpg,New residential estate with recently poured house slabs,REPLACE
924,coloured-concrete-melbourne.png,coloured-concrete-south-west-sydney-924.png,15,campbelltown-council-driveway-crossing;commercial-concreting-south-west-sydney;concrete-driveways-austral;concrete-driveways-south-west-sydney;concrete-slabs-gregory-hills;concreters-bringelly;concreters-cobbitty;concreters-gledswood-hills;concreters-len-waters-estate;concreters-narellan;concreters-theresa-park;curing-concrete-in-summer-vs-winter;guides;reactive-clay-slabs-as2870;why-concrete-cracks,suburb:6;guide:4;service:2;intersection:2;guide_hub:1,GENERIC DECORATIVE SLOT — not subject-matched to any built module; see reports/33-image-replacement-spec.md §3,plain image widget=12; service tiles=Concrete Slabs:2;Exposed Aggregate:1,inline,1200x1200,1.0,"15 distinct, auto-generated as '<attachment title> in the context of <page title>' | Coloured concrete south west sydney in the context of Campbelltown Council Driveway Crossing | Coloured concrete south west sydney in the context of Commercial Concreting South West Sydney | Coloured concrete south west sydney in the context of Concrete Driveways Austral | ...",Filename and alt assert South West Sydney.,"A coloured concrete finish photographed in Melbourne, VIC.","Coloured (oxide) concrete surface, close overhead crop showing colour and texture, even daylight, square 1:1","identifiable faces; number plates; visible business signage or branding; non-Australian architecture, vegetation or road markings; left-hand-drive vehicles; snow; competitor branding",1200x1200 or larger,coloured-oxide-concrete-finish-01.png,Coloured oxide concrete surface finish,REPLACE
925,stencil-concrete-melbourne.webp,stencil-concrete-south-west-sydney-925.webp,15,campbelltown-council-driveway-crossing;commercial-concreting-south-west-sydney;concrete-driveways-austral;concrete-driveways-spring-farm;concrete-slabs-gregory-hills;concreters-bringelly;concreters-cobbitty;concreters-gledswood-hills;concreters-len-waters-estate;concreters-narellan;concreters-theresa-park;curing-concrete-in-summer-vs-winter;guides;reactive-clay-slabs-as2870;why-concrete-cracks,suburb:6;guide:4;intersection:3;service:1;guide_hub:1,GENERIC DECORATIVE SLOT — not subject-matched to any built module; see reports/33-image-replacement-spec.md §3,plain image widget=12; service tiles=Exposed Aggregate:2;Patios & Alfresco:1;Coloured & Decorative:1,inline,600x450,1.333,"15 distinct, auto-generated as '<attachment title> in the context of <page title>' | Concrete planning reference for the South West Sydney guide library | Stencil concrete south west sydney in the context of Campbelltown Council Driveway Crossing | Stencil concrete south west sydney in the context of Commercial Concreting South West Sydney | ...",Filename and alt assert South West Sydney.,"A stencil concrete finish photographed in Melbourne, VIC.","Stencil-patterned decorative concrete surface, close crop showing the pattern joint lines, even daylight, landscape 4:3","identifiable faces; number plates; visible business signage or branding; non-Australian architecture, vegetation or road markings; left-hand-drive vehicles; snow; competitor branding",600x450 or larger,stencil-concrete-finish-01.webp,Stencil-patterned decorative concrete surface,REPLACE
926,stamped-copncrete-melbourne.jpg,stamped-concrete-south-west-sydney-926.jpg,15,campbelltown-council-driveway-crossing;commercial-concreting-south-west-sydney;concrete-driveways-austral;concrete-driveways-spring-farm;concrete-slabs-leppington;concreters-bringelly;concreters-currans-hill;concreters-gledswood-hills;concreters-len-waters-estate;concreters-narellan;concreters-theresa-park;curing-concrete-in-summer-vs-winter;guides;reactive-clay-slabs-as2870;why-concrete-cracks,suburb:6;guide:4;intersection:3;service:1;guide_hub:1,GENERIC DECORATIVE SLOT — not subject-matched to any built module; see reports/33-image-replacement-spec.md §3,plain image widget=11; service tiles=Patios & Alfresco:2;Coloured & Decorative:2;Concrete Driveways in Currans Hill:1;Paths & Pathways:1,inline,554x554,1.0,"15 distinct, auto-generated as '<attachment title> in the context of <page title>' | Concrete planning reference for the South West Sydney guide library | Stamped concrete south west sydney in the context of Campbelltown Council Driveway Crossing | Stamped concrete south west sydney in the context of Commercial Concreting South West Sydney | ...",Filename and alt assert South West Sydney.,"A stamped concrete finish photographed in Melbourne, VIC.","Stamped concrete surface with a tile or slate pattern, close crop, even daylight, square 1:1","identifiable faces; number plates; visible business signage or branding; non-Australian architecture, vegetation or road markings; left-hand-drive vehicles; snow; competitor branding",554x554 or larger,stamped-concrete-finish-01.jpg,Stamped concrete surface with a patterned finish,REPLACE
956,melbournes-west.png,south-west-sydney-growth-corridor-956.png,15,campbelltown-council-driveway-crossing;commercial-concreting-south-west-sydney;concrete-driveways-austral;concrete-driveways-spring-farm;concrete-slabs-leppington;concreters-camden-park;concreters-currans-hill;concreters-gledswood-hills;concreters-leppington;concreters-narellan;concreters-wattle-grove;curing-concrete-in-summer-vs-winter;guides;reactive-clay-slabs-as2870;why-concrete-cracks,suburb:6;guide:4;intersection:3;service:1;guide_hub:1,GENERIC DECORATIVE SLOT — not subject-matched to any built module; see reports/33-image-replacement-spec.md §3,plain image widget=11; service tiles=Concrete Driveways:2;Concrete Slabs:1;Exposed Aggregate in Currans Hill:1,inline,906x680,1.332,"15 distinct, auto-generated as '<attachment title> in the context of <page title>' | Concrete planning reference for the South West Sydney guide library | South west sydney growth corridor in the context of Campbelltown Council Driveway Crossing | South west sydney growth corridor in the context of Commercial Concreting South West Sydney | ...",Filename and alt assert the South West Sydney growth corridor.,"Melbourne's western growth corridor, VIC.","Aerial or elevated view of a low-density residential subdivision with sealed roads and concrete driveways, no identifiable signage, landscape 4:3","identifiable faces; number plates; visible business signage or branding; non-Australian architecture, vegetation or road markings; left-hand-drive vehicles; snow; competitor branding",906x680 or larger,residential-subdivision-aerial-01.png,Elevated view of a residential subdivision with sealed roads and driveways,REPLACE
1020,TARNEIT-SOIL.jpg,wianamatta-shale-clay-camden-1020.jpg,15,campbelltown-council-driveway-crossing;commercial-concreting-south-west-sydney;concrete-driveways-catherine-field;concrete-driveways-spring-farm;concrete-slabs-leppington;concreters-camden-park;concreters-currans-hill;concreters-glen-alpine;concreters-leppington;concreters-narellan;concreters-wattle-grove;curing-concrete-in-summer-vs-winter;guides;reactive-clay-slabs-as2870;why-concrete-cracks,suburb:6;guide:4;intersection:3;service:1;guide_hub:1,GENERIC DECORATIVE SLOT — not subject-matched to any built module; see reports/33-image-replacement-spec.md §3,plain image widget=10; service tiles=Concrete Slabs:2;Exposed Aggregate:1;Patios & Alfresco in Currans Hill:1;Coloured & Decorative in Currans Hill:1;Concrete Driveways:1,inline,640x480,1.333,"15 distinct, auto-generated as '<attachment title> in the context of <page title>' | Concrete planning reference for the South West Sydney guide library | Wianamatta shale clay camden in the context of Campbelltown Council Driveway Crossing | Wianamatta shale clay camden in the context of Commercial Concreting South West Sydney | ...",Filename and alt assert Wianamatta shale clay at Camden — a specific geological formation and site classification.,"Tarneit, VIC soil. Tarneit sits on the Victorian basalt plains; this is not Wianamatta shale and the two are different geologies.",n/a — not replaced. A photograph captioned as Wianamatta shale cannot be made honest by renaming it.,n/a,n/a,n/a,n/a,REMOVE_WITH_MODULE
1150,1970s-home-hoppers-crossing.jpg,established-home-mount-annan-1150.jpg,14,coloured-concrete-explained;concrete-driveway-replacement-currans-hill;concrete-driveways-catherine-field;concrete-paths-edmondson-park;concrete-slabs-south-west-sydney;concreters-camden-south;concreters-currans-hill;concreters-glenfield;concreters-leppington;concreters-oran-park;concreters-west-hoxton;do-i-need-council-approval-driveway-nsw;removing-oil-stains-and-tyre-marks-from-concrete;wollondilly-council-driveway-crossing,suburb:6;guide:4;intersection:3;service:1,GENERIC DECORATIVE SLOT — not subject-matched to any built module; see reports/33-image-replacement-spec.md §3,plain image widget=10; service tiles=Exposed Aggregate:2;Paths & Pathways:1;Patios & Alfresco:1;Coloured & Decorative:1,inline,569x368,1.546,"14 distinct, auto-generated as '<attachment title> in the context of <page title>' | Established home mount annan in the context of Coloured Concrete Explained | Established home mount annan in the context of Concrete Driveway Replacement Currans Hill | Established home mount annan in the context of Concrete Driveways Catherine Field | ...","Filename and alt assert an established home in Mount Annan, NSW.","A 1970s home in Hoppers Crossing, VIC.","Established single-storey brick home from the street, mature front garden, ageing concrete driveway, overcast daylight, landscape 3:2","identifiable faces; number plates; visible business signage or branding; non-Australian architecture, vegetation or road markings; left-hand-drive vehicles; snow; competitor branding",569x368 or larger,established-home-ageing-driveway-01.jpg,Established single-storey home with an ageing concrete driveway,REPLACE
1152,hoppers-crossing-aerial-shot.jpg,mount-annan-established-housing-1152.jpg,14,commercial-hardstand-cost;concrete-driveway-replacement-currans-hill;concrete-driveways-catherine-field;concrete-paths-edmondson-park;concrete-slabs-south-west-sydney;concreters-campbelltown;concreters-douglas-park;concreters-glenfield;concreters-leppington;concreters-oran-park;concreters-wilton;driveway-crossover-cost-nsw;salinity-and-concrete-western-sydney;shed-and-garage-slabs-catherine-field,suburb:6;intersection:4;guide:3;service:1,GENERIC DECORATIVE SLOT — not subject-matched to any built module; see reports/33-image-replacement-spec.md §3,plain image widget=9; service tiles=Paths & Pathways:2;Concrete Driveways:2;Concrete Slabs:1,inline,636x481,1.322,"14 distinct, auto-generated as '<attachment title> in the context of <page title>' | Mount annan established housing in the context of Commercial Hardstand Cost | Mount annan established housing in the context of Concrete Driveway Replacement Currans Hill | Mount annan established housing in the context of Concrete Driveways Catherine Field | ...","Filename and alt assert established housing in Mount Annan, NSW.","An aerial shot of Hoppers Crossing, VIC.","Elevated view of an established low-density residential area, mature trees, mixed roof ages, no identifiable signage, landscape 4:3","identifiable faces; number plates; visible business signage or branding; non-Australian architecture, vegetation or road markings; left-hand-drive vehicles; snow; competitor branding",636x481 or larger,established-residential-area-aerial-01.jpg,Elevated view of an established residential area,REPLACE
1185,crossovers-concrete-truganina.jpg,council-crossing-south-west-sydney-1185.jpg,14,commercial-hardstand-cost;concrete-driveway-replacement-currans-hill;concrete-driveways-cobbitty;concrete-paths-south-west-sydney;concrete-slabs-south-west-sydney;concreters-campbelltown;concreters-douglas-park;concreters-grasmere;concreters-leumeah;concreters-oran-park;concreters-wilton;driveway-crossover-cost-nsw;salinity-and-concrete-western-sydney;shed-and-garage-slabs-catherine-field,suburb:6;guide:3;intersection:3;service:2,GENERIC DECORATIVE SLOT — not subject-matched to any built module; see reports/33-image-replacement-spec.md §3,plain image widget=9; service tiles=Exposed Aggregate:2;Patios & Alfresco:1;Coloured & Decorative:1;Concrete Slabs:1;Concrete Driveways:1,inline,515x388,1.327,"14 distinct, auto-generated as '<attachment title> in the context of <page title>' | Council crossing south west sydney in the context of Commercial Hardstand Cost | Council crossing south west sydney in the context of Concrete Driveway Replacement Currans Hill | Council crossing south west sydney in the context of Concrete Driveways Cobbitty | ...",Filename and alt assert a council crossing in South West Sydney.,"A concrete crossover in Truganina, VIC.","Concrete vehicle crossing between kerb and property boundary, footpath crossing visible, no house number or signage, daylight, landscape 4:3","identifiable faces; number plates; visible business signage or branding; non-Australian architecture, vegetation or road markings; left-hand-drive vehicles; snow; competitor branding",515x388 or larger,vehicle-crossing-kerb-to-boundary-01.jpg,Concrete vehicle crossing between kerb and property boundary,REPLACE
1186,truganina-commercial.webp,gregory-hills-commercial-concreting-1186.webp,14,commercial-hardstand-cost;concrete-driveway-replacement-currans-hill;concrete-driveways-cobbitty;concrete-paths-south-west-sydney;concrete-slabs-south-west-sydney;concreters-campbelltown;concreters-douglas-park;concreters-grasmere;concreters-leumeah;concreters-oran-park;concreters-wilton;driveway-crossover-cost-nsw;salinity-and-concrete-western-sydney;shed-and-garage-slabs-catherine-field,suburb:6;guide:3;intersection:3;service:2,GENERIC DECORATIVE SLOT — not subject-matched to any built module; see reports/33-image-replacement-spec.md §3,plain image widget=9; service tiles=Patios & Alfresco:2;Coloured & Decorative:2;Paths & Pathways:1;Exposed Aggregate:1;Concrete Slabs:1,inline,984x554,1.776,"14 distinct, auto-generated as '<attachment title> in the context of <page title>' | Gregory hills commercial concreting in the context of Commercial Hardstand Cost | Gregory hills commercial concreting in the context of Concrete Driveway Replacement Currans Hill | Gregory hills commercial concreting in the context of Concrete Driveways Cobbitty | ...","Filename and alt assert commercial concreting in Gregory Hills, NSW.","A commercial site in Truganina, VIC.","Large commercial concrete hardstand or car park slab, saw-cut joints visible, no branding or signage, daylight, wide landscape 16:9","identifiable faces; number plates; visible business signage or branding; non-Australian architecture, vegetation or road markings; left-hand-drive vehicles; snow; competitor branding",984x554 or larger,commercial-concrete-hardstand-01.webp,Commercial concrete hardstand with saw-cut joints,REPLACE
1187,new-estates-truganina.jpg,leppington-new-estates-1187.jpg,14,commercial-hardstand-cost;concrete-driveway-replacement-currans-hill;concrete-driveways-cobbitty;concrete-paths-south-west-sydney;concrete-slabs-south-west-sydney;concreters-carnes-hill;concreters-douglas-park;concreters-grasmere;concreters-leumeah;concreters-oran-park;concreters-wilton;driveway-crossover-cost-nsw;salinity-and-concrete-western-sydney;shed-and-garage-slabs-catherine-field,suburb:6;guide:3;intersection:3;service:2,GENERIC DECORATIVE SLOT — not subject-matched to any built module; see reports/33-image-replacement-spec.md §3,plain image widget=9; service tiles=Paths & Pathways:2;Concrete Driveways:1;Patios & Alfresco:1;Coloured & Decorative:1;Exposed Aggregate:1,inline,645x310,2.081,"14 distinct, auto-generated as '<attachment title> in the context of <page title>' | Leppington new estates in the context of Commercial Hardstand Cost | Leppington new estates in the context of Concrete Driveway Replacement Currans Hill | Leppington new estates in the context of Concrete Driveways Cobbitty | ...","Filename and alt assert new estates in Leppington, NSW.","New estates in Truganina, VIC.","Row of new-build homes under construction with fresh concrete slabs and driveways, no signage, daylight, wide landscape 2:1","identifiable faces; number plates; visible business signage or branding; non-Australian architecture, vegetation or road markings; left-hand-drive vehicles; snow; competitor branding",645x310 or larger,new-build-homes-fresh-slabs-01.jpg,New-build homes with recently poured slabs and driveways,REPLACE
