figure,population,occurrences,post_id,slug,page_class,import_status,withdrawn,wave_assignment,attested,verified_in_service_specs,disposition,blocks_all_waves,context
1200mm,council-sourced-pending-verification,1,706,camden-council-driveway-crossing,guide,draft,YES,none — WITHDRAWN (D21),NO,NO,"FLAGGED IN PLACE - not deleted, not rounded",YES,"Council's recorded urban residential specification is 32 MPa concrete, 125mm thickness, SL72 fabric, 4.0-5.5m width, a 1200mm footpath allocation, 4% crossfall and maximum 1:6 batter. camden-council-driveway-guide lists decision owner; camden-council-driveway-guide leaves an aud"
1200mm,council-sourced-pending-verification,1,1369,commercial-concreting-south-west-sydney,service,publish,no,1,NO,NO,"FLAGGED IN PLACE - not deleted, not rounded",YES,"The recorded council specification is reproduced without alteration: 32 MPa, 125mm, SL72 fabric, 4.0-5.5m urban width, 1200mm footpath allocation (900mm offset; 800mm in Oran Park), 4% footpath crossfall, 1:6 max batter. hardstand-work scope tracks intended use; hardstand-work s"
1200mm,council-sourced-pending-verification,2,1467,concrete-crossovers-and-laybacks-oran-park,intersection,draft,YES,none — WITHDRAWN (D16),NO,NO,"FLAGGED IN PLACE - not deleted, not rounded",YES,"tarts 800mm from the property boundary, not the 900mm that applies across the rest of the Camden LGA. The allocation is 1200mm wide either way. Get the layback set-out wrong by that 100mm and the crossover fails inspection. That differentiator controls the concrete crossovers and"
1200mm,council-sourced-pending-verification,1,1368,concrete-crossovers-and-laybacks-south-west-sydney,service,publish,no,1,NO,NO,"FLAGGED IN PLACE - not deleted, not rounded",YES,"The recorded council specification is reproduced without alteration: 32 MPa, 125mm, SL72 fabric, 4.0-5.5m urban width, 1200mm footpath allocation (900mm offset; 800mm in Oran Park), 4% footpath crossfall, 1:6 max batter. The evidence behind this decision is set out in Driveway C"
1200mm,council-sourced-pending-verification,1,1366,concrete-driveway-replacement-south-west-sydney,service,publish,no,1,NO,NO,"FLAGGED IN PLACE - not deleted, not rounded",YES,"The recorded council specification is reproduced without alteration: 32 MPa, 125mm, SL72 fabric, 4.0-5.5m urban width, 1200mm footpath allocation (900mm offset; 800mm in Oran Park), 4% footpath crossfall, 1:6 max batter. The evidence behind this decision is set out in How Long B"
1200mm,council-sourced-pending-verification,1,105,concrete-driveways-south-west-sydney,service,publish,no,1,NO,NO,"FLAGGED IN PLACE - not deleted, not rounded",YES,"The recorded council specification is reproduced without alteration: 32 MPa, 125mm, SL72 fabric, 4.0-5.5m urban width, 1200mm footpath allocation (900mm offset; 800mm in Oran Park), 4% footpath crossfall, 1:6 max batter. The evidence behind this decision is set out in What Actua"
1200mm,council-sourced-pending-verification,1,178,concrete-paths-south-west-sydney,service,publish,no,1,NO,NO,"FLAGGED IN PLACE - not deleted, not rounded",YES,"The recorded council specification is reproduced without alteration: 32 MPa, 125mm, SL72 fabric, 4.0-5.5m urban width, 1200mm footpath allocation (900mm offset; 800mm in Oran Park), 4% footpath crossfall, 1:6 max batter. pathway-work scope tracks intended use; pathway-work scope"
1200mm,council-sourced-pending-verification,1,195,concrete-patios-south-west-sydney,service,publish,no,1,NO,NO,"FLAGGED IN PLACE - not deleted, not rounded",YES,"The recorded council specification is reproduced without alteration: 32 MPa, 125mm, SL72 fabric, 4.0-5.5m urban width, 1200mm footpath allocation (900mm offset; 800mm in Oran Park), 4% footpath crossfall, 1:6 max batter. alfresco-slab scope logs intended use; alfresco-slab scope"
1200mm,council-sourced-pending-verification,1,163,concrete-slabs-south-west-sydney,service,publish,no,1,NO,NO,"FLAGGED IN PLACE - not deleted, not rounded",YES,"The recorded council specification is reproduced without alteration: 32 MPa, 125mm, SL72 fabric, 4.0-5.5m urban width, 1200mm footpath allocation (900mm offset; 800mm in Oran Park), 4% footpath crossfall, 1:6 max batter. The evidence behind this decision is set out in Shed Slab"
1200mm,council-sourced-pending-verification,1,1371,concreters-catherine-field,suburb,draft,no,3 pending Stage 27,NO,NO,"FLAGGED IN PLACE - not deleted, not rounded",YES,"The recorded council specification is reproduced without alteration: 32 MPa, 125mm, SL72 fabric, 4.0-5.5m urban width, 1200mm footpath allocation (900mm offset; 800mm in Oran Park), 4% footpath crossfall, 1:6 max batter. Before crossover work in Catherine Field starts, the gover"
1200mm,council-sourced-pending-verification,1,1379,concreters-cobbitty,suburb,draft,no,none — unresearched,NO,NO,"FLAGGED IN PLACE - not deleted, not rounded",YES,"The recorded council specification is reproduced without alteration: 32 MPa, 125mm, SL72 fabric, 4.0-5.5m urban width, 1200mm footpath allocation (900mm offset; 800mm in Oran Park), 4% footpath crossfall, 1:6 max batter. Before crossover work in Cobbitty starts, the governing lo"
1200mm,council-sourced-pending-verification,1,1376,concreters-currans-hill,suburb,draft,no,none — unresearched,NO,NO,"FLAGGED IN PLACE - not deleted, not rounded",YES,"The recorded council specification is reproduced without alteration: 32 MPa, 125mm, SL72 fabric, 4.0-5.5m urban width, 1200mm footpath allocation (900mm offset; 800mm in Oran Park), 4% footpath crossfall, 1:6 max batter. Before crossover work in Currans Hill starts, the governin"
1200mm,council-sourced-pending-verification,1,1378,concreters-elderslie,suburb,draft,no,3 pending Stage 27,NO,NO,"FLAGGED IN PLACE - not deleted, not rounded",YES,"The recorded council specification is reproduced without alteration: 32 MPa, 125mm, SL72 fabric, 4.0-5.5m urban width, 1200mm footpath allocation (900mm offset; 800mm in Oran Park), 4% footpath crossfall, 1:6 max batter. Before crossover work in Elderslie starts, the governing l"
1200mm,council-sourced-pending-verification,1,1370,concreters-gledswood-hills,suburb,publish,no,1,NO,NO,"FLAGGED IN PLACE - not deleted, not rounded",YES,"The recorded council specification is reproduced without alteration: 32 MPa, 125mm, SL72 fabric, 4.0-5.5m urban width, 1200mm footpath allocation (900mm offset; 800mm in Oran Park), 4% footpath crossfall, 1:6 max batter. For crossover work in Gledswood Hills , council geometry a"
1200mm,council-sourced-pending-verification,1,969,concreters-gregory-hills,suburb,publish,no,1,NO,NO,"FLAGGED IN PLACE - not deleted, not rounded",YES,"The recorded council specification is reproduced without alteration: 32 MPa, 125mm, SL72 fabric, 4.0-5.5m urban width, 1200mm footpath allocation (900mm offset; 800mm in Oran Park), 4% footpath crossfall, 1:6 max batter. Before crossover work in Gregory Hills starts, the governi"
1200mm,council-sourced-pending-verification,1,1126,concreters-harrington-park,suburb,publish,no,1,NO,NO,"FLAGGED IN PLACE - not deleted, not rounded",YES,"The recorded council specification is reproduced without alteration: 32 MPa, 125mm, SL72 fabric, 4.0-5.5m urban width, 1200mm footpath allocation (900mm offset; 800mm in Oran Park), 4% footpath crossfall, 1:6 max batter. Before crossover work in Harrington Park starts, the gover"
1200mm,council-sourced-pending-verification,1,1375,concreters-mount-annan,suburb,draft,no,3 pending Stage 27,NO,NO,"FLAGGED IN PLACE - not deleted, not rounded",YES,"The recorded council specification is reproduced without alteration: 32 MPa, 125mm, SL72 fabric, 4.0-5.5m urban width, 1200mm footpath allocation (900mm offset; 800mm in Oran Park), 4% footpath crossfall, 1:6 max batter. Before crossover work in Mount Annan starts, the governing"
1200mm,council-sourced-pending-verification,1,1372,concreters-narellan,suburb,draft,no,3 pending Stage 27,NO,NO,"FLAGGED IN PLACE - not deleted, not rounded",YES,"The recorded council specification is reproduced without alteration: 32 MPa, 125mm, SL72 fabric, 4.0-5.5m urban width, 1200mm footpath allocation (900mm offset; 800mm in Oran Park), 4% footpath crossfall, 1:6 max batter. Before crossover work in Narellan starts, the governing lo"
1200mm,council-sourced-pending-verification,2,474,concreters-oran-park,suburb,publish,no,1,NO,NO,"FLAGGED IN PLACE - not deleted, not rounded",YES,"s 4.0m minimum to 5.5m maximum width, 125mm thick, 32 MPa concrete, SL72 reinforcing fabric. The footpath allocation is 1200mm wide and, in Oran Park specifically, starts 800mm from your property boundary rather than the 900mm that applies elsewhere in the LGA. Licence and public"
1200mm,council-sourced-pending-verification,1,1377,concreters-spring-farm,suburb,draft,no,3 pending Stage 27,NO,NO,"FLAGGED IN PLACE - not deleted, not rounded",YES,"The recorded council specification is reproduced without alteration: 32 MPa, 125mm, SL72 fabric, 4.0-5.5m urban width, 1200mm footpath allocation (900mm offset; 800mm in Oran Park), 4% footpath crossfall, 1:6 max batter. Before crossover work in Spring Farm starts, the governing"
1200mm,council-sourced-pending-verification,1,922,decorative-concrete-south-west-sydney,service,publish,no,1,NO,NO,"FLAGGED IN PLACE - not deleted, not rounded",YES,"The recorded council specification is reproduced without alteration: 32 MPa, 125mm, SL72 fabric, 4.0-5.5m urban width, 1200mm footpath allocation (900mm offset; 800mm in Oran Park), 4% footpath crossfall, 1:6 max batter. The evidence behind this decision is set out in Honed And"
1200mm,council-sourced-pending-verification,1,129,exposed-aggregate-south-west-sydney,service,publish,no,1,NO,NO,"FLAGGED IN PLACE - not deleted, not rounded",YES,"The recorded council specification is reproduced without alteration: 32 MPa, 125mm, SL72 fabric, 4.0-5.5m urban width, 1200mm footpath allocation (900mm offset; 800mm in Oran Park), 4% footpath crossfall, 1:6 max batter. aggregate-finish scope records intended use; aggregate-fin"
1200mm,council-sourced-pending-verification,1,12,homepage,home,publish,no,1,NO,NO,"FLAGGED IN PLACE - not deleted, not rounded",YES,"idential crossing, the recorded specification is 32 MPa concrete, 125mm thickness, SL72 fabric, 4.0-5.5m urban width, a 1200mm footpath allocation, 4% crossfall and a maximum 1:6 batter. Tier 1 service areas are Oran Park , Leppington , Gregory Hills , Gledswood Hills , Austral a"
1200mm,council-sourced-pending-verification,1,1367,shed-and-garage-slabs-south-west-sydney,service,publish,no,1,NO,NO,"FLAGGED IN PLACE - not deleted, not rounded",YES,"The recorded council specification is reproduced without alteration: 32 MPa, 125mm, SL72 fabric, 4.0-5.5m urban width, 1200mm footpath allocation (900mm offset; 800mm in Oran Park), 4% footpath crossfall, 1:6 max batter. shed-slab scope documents intended use; shed-slab scope ke"
1:6,council-sourced-pending-verification,1,706,camden-council-driveway-crossing,guide,draft,YES,none — WITHDRAWN (D21),NO,NO,"FLAGGED IN PLACE - not deleted, not rounded",YES,"s 32 MPa concrete, 125mm thickness, SL72 fabric, 4.0-5.5m width, a 1200mm footpath allocation, 4% crossfall and maximum 1:6 batter. camden-council-driveway-guide lists decision owner; camden-council-driveway-guide leaves an audit trail. camden-council-driveway-guide cites the per"
1:6,council-sourced-pending-verification,1,1369,commercial-concreting-south-west-sydney,service,publish,no,1,NO,NO,"FLAGGED IN PLACE - not deleted, not rounded",YES,"L72 fabric, 4.0-5.5m urban width, 1200mm footpath allocation (900mm offset; 800mm in Oran Park), 4% footpath crossfall, 1:6 max batter. hardstand-work scope tracks intended use; hardstand-work scope keeps provenance visible. hardstand-work scope notes the loading; hardstand-work"
1:6,council-sourced-pending-verification,1,1368,concrete-crossovers-and-laybacks-south-west-sydney,service,publish,no,1,NO,NO,"FLAGGED IN PLACE - not deleted, not rounded",YES,"L72 fabric, 4.0-5.5m urban width, 1200mm footpath allocation (900mm offset; 800mm in Oran Park), 4% footpath crossfall, 1:6 max batter. The evidence behind this decision is set out in Driveway Crossover Cost NSW before it is applied to a project scope. crossover-work scope record"
1:6,council-sourced-pending-verification,1,1366,concrete-driveway-replacement-south-west-sydney,service,publish,no,1,NO,NO,"FLAGGED IN PLACE - not deleted, not rounded",YES,"L72 fabric, 4.0-5.5m urban width, 1200mm footpath allocation (900mm offset; 800mm in Oran Park), 4% footpath crossfall, 1:6 max batter. The evidence behind this decision is set out in How Long Before You Can Drive On Concrete before it is applied to a project scope. Finish and cu"
1:6,council-sourced-pending-verification,1,105,concrete-driveways-south-west-sydney,service,publish,no,1,NO,NO,"FLAGGED IN PLACE - not deleted, not rounded",YES,"L72 fabric, 4.0-5.5m urban width, 1200mm footpath allocation (900mm offset; 800mm in Oran Park), 4% footpath crossfall, 1:6 max batter. The evidence behind this decision is set out in What Actually Moves A Concrete Quote before it is applied to a project scope. Finish and curing"
1:6,council-sourced-pending-verification,1,1493,concrete-driveways-spring-farm,intersection,draft,YES,none — WITHDRAWN (D16),NO,NO,"FLAGGED IN PLACE - not deleted, not rounded",YES,"genuinely sloping ground, which the flat growth-corridor releases do not. Camden requires an average driveway grade of 1:6 with controlled vertical curves, so blocks here regularly need stepped pours, integrated retaining and a scratch or broom finish for traction rather than a"
1:6,council-sourced-pending-verification,1,178,concrete-paths-south-west-sydney,service,publish,no,1,NO,NO,"FLAGGED IN PLACE - not deleted, not rounded",YES,"L72 fabric, 4.0-5.5m urban width, 1200mm footpath allocation (900mm offset; 800mm in Oran Park), 4% footpath crossfall, 1:6 max batter. pathway-work scope tracks intended use; pathway-work scope leaves an audit trail. pathway-work scope notes the loading; pathway-work scope ident"
1:6,council-sourced-pending-verification,1,195,concrete-patios-south-west-sydney,service,publish,no,1,NO,NO,"FLAGGED IN PLACE - not deleted, not rounded",YES,"L72 fabric, 4.0-5.5m urban width, 1200mm footpath allocation (900mm offset; 800mm in Oran Park), 4% footpath crossfall, 1:6 max batter. alfresco-slab scope logs intended use; alfresco-slab scope keeps the basis explicit. alfresco-slab scope verifies the loading; alfresco-slab sco"
1:6,council-sourced-pending-verification,1,163,concrete-slabs-south-west-sydney,service,publish,no,1,NO,NO,"FLAGGED IN PLACE - not deleted, not rounded",YES,"L72 fabric, 4.0-5.5m urban width, 1200mm footpath allocation (900mm offset; 800mm in Oran Park), 4% footpath crossfall, 1:6 max batter. The evidence behind this decision is set out in Shed Slab Cost before it is applied to a project scope. residential-slab scope checks intended u"
1:6,council-sourced-pending-verification,1,1371,concreters-catherine-field,suburb,draft,no,3 pending Stage 27,NO,NO,"FLAGGED IN PLACE - not deleted, not rounded",YES,"L72 fabric, 4.0-5.5m urban width, 1200mm footpath allocation (900mm offset; 800mm in Oran Park), 4% footpath crossfall, 1:6 max batter. Before crossover work in Catherine Field starts, the governing lot and application path are checked. The related vehicle-crossing requirements g"
1:6,council-sourced-pending-verification,1,1379,concreters-cobbitty,suburb,draft,no,none — unresearched,NO,NO,"FLAGGED IN PLACE - not deleted, not rounded",YES,"L72 fabric, 4.0-5.5m urban width, 1200mm footpath allocation (900mm offset; 800mm in Oran Park), 4% footpath crossfall, 1:6 max batter. Before crossover work in Cobbitty starts, the governing lot and application path are checked. The related vehicle-crossing requirements guide re"
1:6,council-sourced-pending-verification,1,1376,concreters-currans-hill,suburb,draft,no,none — unresearched,NO,NO,"FLAGGED IN PLACE - not deleted, not rounded",YES,"L72 fabric, 4.0-5.5m urban width, 1200mm footpath allocation (900mm offset; 800mm in Oran Park), 4% footpath crossfall, 1:6 max batter. Before crossover work in Currans Hill starts, the governing lot and application path are checked. The related vehicle-crossing requirements guid"
1:6,council-sourced-pending-verification,1,1378,concreters-elderslie,suburb,draft,no,3 pending Stage 27,NO,NO,"FLAGGED IN PLACE - not deleted, not rounded",YES,"L72 fabric, 4.0-5.5m urban width, 1200mm footpath allocation (900mm offset; 800mm in Oran Park), 4% footpath crossfall, 1:6 max batter. Before crossover work in Elderslie starts, the governing lot and application path are checked. The related vehicle-crossing requirements guide r"
1:6,council-sourced-pending-verification,1,1370,concreters-gledswood-hills,suburb,publish,no,1,NO,NO,"FLAGGED IN PLACE - not deleted, not rounded",YES,"L72 fabric, 4.0-5.5m urban width, 1200mm footpath allocation (900mm offset; 800mm in Oran Park), 4% footpath crossfall, 1:6 max batter. For crossover work in Gledswood Hills , council geometry and the estate finish control are both confirmed before work starts. The related vehicl"
1:6,council-sourced-pending-verification,1,969,concreters-gregory-hills,suburb,publish,no,1,NO,NO,"FLAGGED IN PLACE - not deleted, not rounded",YES,"L72 fabric, 4.0-5.5m urban width, 1200mm footpath allocation (900mm offset; 800mm in Oran Park), 4% footpath crossfall, 1:6 max batter. Before crossover work in Gregory Hills starts, the governing lot and application path are checked. The related vehicle-crossing requirements gui"
1:6,council-sourced-pending-verification,4,1126,concreters-harrington-park,suburb,publish,no,1,NO,NO,"FLAGGED IN PLACE - not deleted, not rounded",YES,"concrete, clay pavers or exposed aggregate — no portion may be uncoloured concrete. Width is 3m to 5.5m, average grade 1:6, and it must sit at least 500mm clear of kerb drainage structures and side fencing. Anyone quoting you a plain broom finish here has not read the controls."
1:6,council-sourced-pending-verification,1,1375,concreters-mount-annan,suburb,draft,no,3 pending Stage 27,NO,NO,"FLAGGED IN PLACE - not deleted, not rounded",YES,"L72 fabric, 4.0-5.5m urban width, 1200mm footpath allocation (900mm offset; 800mm in Oran Park), 4% footpath crossfall, 1:6 max batter. Before crossover work in Mount Annan starts, the governing lot and application path are checked. The related vehicle-crossing requirements guide"
1:6,council-sourced-pending-verification,1,1372,concreters-narellan,suburb,draft,no,3 pending Stage 27,NO,NO,"FLAGGED IN PLACE - not deleted, not rounded",YES,"L72 fabric, 4.0-5.5m urban width, 1200mm footpath allocation (900mm offset; 800mm in Oran Park), 4% footpath crossfall, 1:6 max batter. Before crossover work in Narellan starts, the governing lot and application path are checked. The related vehicle-crossing requirements guide re"
1:6,council-sourced-pending-verification,4,1377,concreters-spring-farm,suburb,draft,no,3 pending Stage 27,NO,NO,"FLAGGED IN PLACE - not deleted, not rounded",YES,nd that is what makes it different from the flat growth-corridor releases. Camden requires an average driveway grade of 1:6 with controlled vertical curves — on a steep Spring Farm block you either engineer the grade properly or you lodge a Non-Standard Driveway Application. Bloc
1:6,council-sourced-pending-verification,1,1483,decorative-concrete-harrington-park,intersection,draft,YES,none — WITHDRAWN (D16),NO,NO,"FLAGGED IN PLACE - not deleted, not rounded",YES,"e authorising this exact intersection is: The same Harrington Grove schedule sets width at 3m to 5.5m, average grade at 1:6, and requires the driveway to sit at least 500mm clear of kerb drainage structures and side fencing. The decorative finish is mandated, not optional, which"
1:6,council-sourced-pending-verification,1,922,decorative-concrete-south-west-sydney,service,publish,no,1,NO,NO,"FLAGGED IN PLACE - not deleted, not rounded",YES,"L72 fabric, 4.0-5.5m urban width, 1200mm footpath allocation (900mm offset; 800mm in Oran Park), 4% footpath crossfall, 1:6 max batter. The evidence behind this decision is set out in Honed And Polished Concrete before it is applied to a project scope. decorative-finish scope sta"
1:6,council-sourced-pending-verification,1,129,exposed-aggregate-south-west-sydney,service,publish,no,1,NO,NO,"FLAGGED IN PLACE - not deleted, not rounded",YES,"L72 fabric, 4.0-5.5m urban width, 1200mm footpath allocation (900mm offset; 800mm in Oran Park), 4% footpath crossfall, 1:6 max batter. aggregate-finish scope records intended use; aggregate-finish scope retains the source. aggregate-finish scope cites the loading; aggregate-fini"
1:6,council-sourced-pending-verification,1,12,homepage,home,publish,no,1,NO,NO,"FLAGGED IN PLACE - not deleted, not rounded",YES,"concrete, 125mm thickness, SL72 fabric, 4.0-5.5m urban width, a 1200mm footpath allocation, 4% crossfall and a maximum 1:6 batter. Tier 1 service areas are Oran Park , Leppington , Gregory Hills , Gledswood Hills , Austral and Harrington Park . Camden ground, levels and council"
1:6,council-sourced-pending-verification,1,1367,shed-and-garage-slabs-south-west-sydney,service,publish,no,1,NO,NO,"FLAGGED IN PLACE - not deleted, not rounded",YES,"L72 fabric, 4.0-5.5m urban width, 1200mm footpath allocation (900mm offset; 800mm in Oran Park), 4% footpath crossfall, 1:6 max batter. shed-slab scope documents intended use; shed-slab scope keeps provenance visible. shed-slab scope tests the loading; shed-slab scope preserves a"
4%,council-sourced-pending-verification,1,706,camden-council-driveway-crossing,guide,draft,YES,none — WITHDRAWN (D21),NO,NO,"FLAGGED IN PLACE - not deleted, not rounded",YES,"sidential specification is 32 MPa concrete, 125mm thickness, SL72 fabric, 4.0-5.5m width, a 1200mm footpath allocation, 4% crossfall and maximum 1:6 batter. camden-council-driveway-guide lists decision owner; camden-council-driveway-guide leaves an audit trail. camden-council-dri"
4%,council-sourced-pending-verification,1,1369,commercial-concreting-south-west-sydney,service,publish,no,1,NO,NO,"FLAGGED IN PLACE - not deleted, not rounded",YES,"ation: 32 MPa, 125mm, SL72 fabric, 4.0-5.5m urban width, 1200mm footpath allocation (900mm offset; 800mm in Oran Park), 4% footpath crossfall, 1:6 max batter. hardstand-work scope tracks intended use; hardstand-work scope keeps provenance visible. hardstand-work scope notes the l"
4%,council-sourced-pending-verification,1,1368,concrete-crossovers-and-laybacks-south-west-sydney,service,publish,no,1,NO,NO,"FLAGGED IN PLACE - not deleted, not rounded",YES,"ation: 32 MPa, 125mm, SL72 fabric, 4.0-5.5m urban width, 1200mm footpath allocation (900mm offset; 800mm in Oran Park), 4% footpath crossfall, 1:6 max batter. The evidence behind this decision is set out in Driveway Crossover Cost NSW before it is applied to a project scope. cros"
4%,council-sourced-pending-verification,1,1366,concrete-driveway-replacement-south-west-sydney,service,publish,no,1,NO,NO,"FLAGGED IN PLACE - not deleted, not rounded",YES,"ation: 32 MPa, 125mm, SL72 fabric, 4.0-5.5m urban width, 1200mm footpath allocation (900mm offset; 800mm in Oran Park), 4% footpath crossfall, 1:6 max batter. The evidence behind this decision is set out in How Long Before You Can Drive On Concrete before it is applied to a proje"
4%,council-sourced-pending-verification,1,105,concrete-driveways-south-west-sydney,service,publish,no,1,NO,NO,"FLAGGED IN PLACE - not deleted, not rounded",YES,"ation: 32 MPa, 125mm, SL72 fabric, 4.0-5.5m urban width, 1200mm footpath allocation (900mm offset; 800mm in Oran Park), 4% footpath crossfall, 1:6 max batter. The evidence behind this decision is set out in What Actually Moves A Concrete Quote before it is applied to a project sc"
4%,council-sourced-pending-verification,1,178,concrete-paths-south-west-sydney,service,publish,no,1,NO,NO,"FLAGGED IN PLACE - not deleted, not rounded",YES,"ation: 32 MPa, 125mm, SL72 fabric, 4.0-5.5m urban width, 1200mm footpath allocation (900mm offset; 800mm in Oran Park), 4% footpath crossfall, 1:6 max batter. pathway-work scope tracks intended use; pathway-work scope leaves an audit trail. pathway-work scope notes the loading; p"
4%,council-sourced-pending-verification,1,195,concrete-patios-south-west-sydney,service,publish,no,1,NO,NO,"FLAGGED IN PLACE - not deleted, not rounded",YES,"ation: 32 MPa, 125mm, SL72 fabric, 4.0-5.5m urban width, 1200mm footpath allocation (900mm offset; 800mm in Oran Park), 4% footpath crossfall, 1:6 max batter. alfresco-slab scope logs intended use; alfresco-slab scope keeps the basis explicit. alfresco-slab scope verifies the loa"
4%,council-sourced-pending-verification,1,163,concrete-slabs-south-west-sydney,service,publish,no,1,NO,NO,"FLAGGED IN PLACE - not deleted, not rounded",YES,"ation: 32 MPa, 125mm, SL72 fabric, 4.0-5.5m urban width, 1200mm footpath allocation (900mm offset; 800mm in Oran Park), 4% footpath crossfall, 1:6 max batter. The evidence behind this decision is set out in Shed Slab Cost before it is applied to a project scope. residential-slab"
4%,council-sourced-pending-verification,1,1371,concreters-catherine-field,suburb,draft,no,3 pending Stage 27,NO,NO,"FLAGGED IN PLACE - not deleted, not rounded",YES,"ation: 32 MPa, 125mm, SL72 fabric, 4.0-5.5m urban width, 1200mm footpath allocation (900mm offset; 800mm in Oran Park), 4% footpath crossfall, 1:6 max batter. Before crossover work in Catherine Field starts, the governing lot and application path are checked. The related vehicle-"
4%,council-sourced-pending-verification,1,1379,concreters-cobbitty,suburb,draft,no,none — unresearched,NO,NO,"FLAGGED IN PLACE - not deleted, not rounded",YES,"ation: 32 MPa, 125mm, SL72 fabric, 4.0-5.5m urban width, 1200mm footpath allocation (900mm offset; 800mm in Oran Park), 4% footpath crossfall, 1:6 max batter. Before crossover work in Cobbitty starts, the governing lot and application path are checked. The related vehicle-crossin"
4%,council-sourced-pending-verification,1,1376,concreters-currans-hill,suburb,draft,no,none — unresearched,NO,NO,"FLAGGED IN PLACE - not deleted, not rounded",YES,"ation: 32 MPa, 125mm, SL72 fabric, 4.0-5.5m urban width, 1200mm footpath allocation (900mm offset; 800mm in Oran Park), 4% footpath crossfall, 1:6 max batter. Before crossover work in Currans Hill starts, the governing lot and application path are checked. The related vehicle-cro"
4%,council-sourced-pending-verification,1,1378,concreters-elderslie,suburb,draft,no,3 pending Stage 27,NO,NO,"FLAGGED IN PLACE - not deleted, not rounded",YES,"ation: 32 MPa, 125mm, SL72 fabric, 4.0-5.5m urban width, 1200mm footpath allocation (900mm offset; 800mm in Oran Park), 4% footpath crossfall, 1:6 max batter. Before crossover work in Elderslie starts, the governing lot and application path are checked. The related vehicle-crossi"
4%,council-sourced-pending-verification,1,1370,concreters-gledswood-hills,suburb,publish,no,1,NO,NO,"FLAGGED IN PLACE - not deleted, not rounded",YES,"ation: 32 MPa, 125mm, SL72 fabric, 4.0-5.5m urban width, 1200mm footpath allocation (900mm offset; 800mm in Oran Park), 4% footpath crossfall, 1:6 max batter. For crossover work in Gledswood Hills , council geometry and the estate finish control are both confirmed before work sta"
4%,council-sourced-pending-verification,1,969,concreters-gregory-hills,suburb,publish,no,1,NO,NO,"FLAGGED IN PLACE - not deleted, not rounded",YES,"ation: 32 MPa, 125mm, SL72 fabric, 4.0-5.5m urban width, 1200mm footpath allocation (900mm offset; 800mm in Oran Park), 4% footpath crossfall, 1:6 max batter. Before crossover work in Gregory Hills starts, the governing lot and application path are checked. The related vehicle-cr"
4%,council-sourced-pending-verification,1,1126,concreters-harrington-park,suburb,publish,no,1,NO,NO,"FLAGGED IN PLACE - not deleted, not rounded",YES,"ation: 32 MPa, 125mm, SL72 fabric, 4.0-5.5m urban width, 1200mm footpath allocation (900mm offset; 800mm in Oran Park), 4% footpath crossfall, 1:6 max batter. Before crossover work in Harrington Park starts, the governing lot and application path are checked. The related vehicle-"
4%,council-sourced-pending-verification,1,1375,concreters-mount-annan,suburb,draft,no,3 pending Stage 27,NO,NO,"FLAGGED IN PLACE - not deleted, not rounded",YES,"ation: 32 MPa, 125mm, SL72 fabric, 4.0-5.5m urban width, 1200mm footpath allocation (900mm offset; 800mm in Oran Park), 4% footpath crossfall, 1:6 max batter. Before crossover work in Mount Annan starts, the governing lot and application path are checked. The related vehicle-cros"
4%,council-sourced-pending-verification,1,1372,concreters-narellan,suburb,draft,no,3 pending Stage 27,NO,NO,"FLAGGED IN PLACE - not deleted, not rounded",YES,"ation: 32 MPa, 125mm, SL72 fabric, 4.0-5.5m urban width, 1200mm footpath allocation (900mm offset; 800mm in Oran Park), 4% footpath crossfall, 1:6 max batter. Before crossover work in Narellan starts, the governing lot and application path are checked. The related vehicle-crossin"
4%,council-sourced-pending-verification,1,474,concreters-oran-park,suburb,publish,no,1,NO,NO,"FLAGGED IN PLACE - not deleted, not rounded",YES,"ing: where there's no concrete footpath in front of your property yet, the footpath allocation area has to be graded at 4% crossfall, so a footpath can be built later without an awkward step. If that grade can't be achieved, Council wants a pre-commencement inspection before you"
4%,council-sourced-pending-verification,1,1377,concreters-spring-farm,suburb,draft,no,3 pending Stage 27,NO,NO,"FLAGGED IN PLACE - not deleted, not rounded",YES,"ation: 32 MPa, 125mm, SL72 fabric, 4.0-5.5m urban width, 1200mm footpath allocation (900mm offset; 800mm in Oran Park), 4% footpath crossfall, 1:6 max batter. Before crossover work in Spring Farm starts, the governing lot and application path are checked. The related vehicle-cros"
4%,council-sourced-pending-verification,1,922,decorative-concrete-south-west-sydney,service,publish,no,1,NO,NO,"FLAGGED IN PLACE - not deleted, not rounded",YES,"ation: 32 MPa, 125mm, SL72 fabric, 4.0-5.5m urban width, 1200mm footpath allocation (900mm offset; 800mm in Oran Park), 4% footpath crossfall, 1:6 max batter. The evidence behind this decision is set out in Honed And Polished Concrete before it is applied to a project scope. deco"
4%,council-sourced-pending-verification,1,129,exposed-aggregate-south-west-sydney,service,publish,no,1,NO,NO,"FLAGGED IN PLACE - not deleted, not rounded",YES,"ation: 32 MPa, 125mm, SL72 fabric, 4.0-5.5m urban width, 1200mm footpath allocation (900mm offset; 800mm in Oran Park), 4% footpath crossfall, 1:6 max batter. aggregate-finish scope records intended use; aggregate-finish scope retains the source. aggregate-finish scope cites the"
4%,council-sourced-pending-verification,1,12,homepage,home,publish,no,1,NO,NO,"FLAGGED IN PLACE - not deleted, not rounded",YES,"ded specification is 32 MPa concrete, 125mm thickness, SL72 fabric, 4.0-5.5m urban width, a 1200mm footpath allocation, 4% crossfall and a maximum 1:6 batter. Tier 1 service areas are Oran Park , Leppington , Gregory Hills , Gledswood Hills , Austral and Harrington Park . Camden"
4%,council-sourced-pending-verification,1,1367,shed-and-garage-slabs-south-west-sydney,service,publish,no,1,NO,NO,"FLAGGED IN PLACE - not deleted, not rounded",YES,"ation: 32 MPa, 125mm, SL72 fabric, 4.0-5.5m urban width, 1200mm footpath allocation (900mm offset; 800mm in Oran Park), 4% footpath crossfall, 1:6 max batter. shed-slab scope documents intended use; shed-slab scope keeps provenance visible. shed-slab scope tests the loading; shed"
4.0-5.5m,council-sourced-pending-verification,1,706,camden-council-driveway-crossing,guide,draft,YES,none — WITHDRAWN (D21),NO,NO,"FLAGGED IN PLACE - not deleted, not rounded",YES,"d verbatim. Camden Council's recorded urban residential specification is 32 MPa concrete, 125mm thickness, SL72 fabric, 4.0-5.5m width, a 1200mm footpath allocation, 4% crossfall and maximum 1:6 batter. camden-council-driveway-guide lists decision owner; camden-council-driveway-g"
4.0-5.5m,council-sourced-pending-verification,1,1369,commercial-concreting-south-west-sydney,service,publish,no,1,NO,NO,"FLAGGED IN PLACE - not deleted, not rounded",YES,"k scope keeps it open. The recorded council specification is reproduced without alteration: 32 MPa, 125mm, SL72 fabric, 4.0-5.5m urban width, 1200mm footpath allocation (900mm offset; 800mm in Oran Park), 4% footpath crossfall, 1:6 max batter. hardstand-work scope tracks intended"
4.0-5.5m,council-sourced-pending-verification,1,1368,concrete-crossovers-and-laybacks-south-west-sydney,service,publish,no,1,NO,NO,"FLAGGED IN PLACE - not deleted, not rounded",YES,"k scope keeps it open. The recorded council specification is reproduced without alteration: 32 MPa, 125mm, SL72 fabric, 4.0-5.5m urban width, 1200mm footpath allocation (900mm offset; 800mm in Oran Park), 4% footpath crossfall, 1:6 max batter. The evidence behind this decision is"
4.0-5.5m,council-sourced-pending-verification,1,1366,concrete-driveway-replacement-south-west-sydney,service,publish,no,1,NO,NO,"FLAGGED IN PLACE - not deleted, not rounded",YES,"y scope keeps it open. The recorded council specification is reproduced without alteration: 32 MPa, 125mm, SL72 fabric, 4.0-5.5m urban width, 1200mm footpath allocation (900mm offset; 800mm in Oran Park), 4% footpath crossfall, 1:6 max batter. The evidence behind this decision is"
4.0-5.5m,council-sourced-pending-verification,1,105,concrete-driveways-south-west-sydney,service,publish,no,1,NO,NO,"FLAGGED IN PLACE - not deleted, not rounded",YES,"y scope keeps it open. The recorded council specification is reproduced without alteration: 32 MPa, 125mm, SL72 fabric, 4.0-5.5m urban width, 1200mm footpath allocation (900mm offset; 800mm in Oran Park), 4% footpath crossfall, 1:6 max batter. The evidence behind this decision is"
4.0-5.5m,council-sourced-pending-verification,1,178,concrete-paths-south-west-sydney,service,publish,no,1,NO,NO,"FLAGGED IN PLACE - not deleted, not rounded",YES,"k scope keeps it open. The recorded council specification is reproduced without alteration: 32 MPa, 125mm, SL72 fabric, 4.0-5.5m urban width, 1200mm footpath allocation (900mm offset; 800mm in Oran Park), 4% footpath crossfall, 1:6 max batter. pathway-work scope tracks intended u"
4.0-5.5m,council-sourced-pending-verification,1,195,concrete-patios-south-west-sydney,service,publish,no,1,NO,NO,"FLAGGED IN PLACE - not deleted, not rounded",YES,"b scope keeps it open. The recorded council specification is reproduced without alteration: 32 MPa, 125mm, SL72 fabric, 4.0-5.5m urban width, 1200mm footpath allocation (900mm offset; 800mm in Oran Park), 4% footpath crossfall, 1:6 max batter. alfresco-slab scope logs intended us"
4.0-5.5m,council-sourced-pending-verification,1,163,concrete-slabs-south-west-sydney,service,publish,no,1,NO,NO,"FLAGGED IN PLACE - not deleted, not rounded",YES,"b scope keeps it open. The recorded council specification is reproduced without alteration: 32 MPa, 125mm, SL72 fabric, 4.0-5.5m urban width, 1200mm footpath allocation (900mm offset; 800mm in Oran Park), 4% footpath crossfall, 1:6 max batter. The evidence behind this decision is"
4.0-5.5m,council-sourced-pending-verification,1,1371,concreters-catherine-field,suburb,draft,no,3 pending Stage 27,NO,NO,"FLAGGED IN PLACE - not deleted, not rounded",YES,"y by Council approval. The recorded council specification is reproduced without alteration: 32 MPa, 125mm, SL72 fabric, 4.0-5.5m urban width, 1200mm footpath allocation (900mm offset; 800mm in Oran Park), 4% footpath crossfall, 1:6 max batter. Before crossover work in Catherine F"
4.0-5.5m,council-sourced-pending-verification,1,1379,concreters-cobbitty,suburb,draft,no,none — unresearched,NO,NO,"FLAGGED IN PLACE - not deleted, not rounded",YES,"houlder seal required. The recorded council specification is reproduced without alteration: 32 MPa, 125mm, SL72 fabric, 4.0-5.5m urban width, 1200mm footpath allocation (900mm offset; 800mm in Oran Park), 4% footpath crossfall, 1:6 max batter. Before crossover work in Cobbitty st"
4.0-5.5m,council-sourced-pending-verification,1,1376,concreters-currans-hill,suburb,draft,no,none — unresearched,NO,NO,"FLAGGED IN PLACE - not deleted, not rounded",YES,"is altered or widened. The recorded council specification is reproduced without alteration: 32 MPa, 125mm, SL72 fabric, 4.0-5.5m urban width, 1200mm footpath allocation (900mm offset; 800mm in Oran Park), 4% footpath crossfall, 1:6 max batter. Before crossover work in Currans Hil"
4.0-5.5m,council-sourced-pending-verification,1,1378,concreters-elderslie,suburb,draft,no,3 pending Stage 27,NO,NO,"FLAGGED IN PLACE - not deleted, not rounded",YES,"or altered crossovers. The recorded council specification is reproduced without alteration: 32 MPa, 125mm, SL72 fabric, 4.0-5.5m urban width, 1200mm footpath allocation (900mm offset; 800mm in Oran Park), 4% footpath crossfall, 1:6 max batter. Before crossover work in Elderslie s"
4.0-5.5m,council-sourced-pending-verification,1,1370,concreters-gledswood-hills,suburb,publish,no,1,NO,NO,"FLAGGED IN PLACE - not deleted, not rounded",YES,"room finish is quoted. The recorded council specification is reproduced without alteration: 32 MPa, 125mm, SL72 fabric, 4.0-5.5m urban width, 1200mm footpath allocation (900mm offset; 800mm in Oran Park), 4% footpath crossfall, 1:6 max batter. For crossover work in Gledswood Hill"
4.0-5.5m,council-sourced-pending-verification,1,969,concreters-gregory-hills,suburb,publish,no,1,NO,NO,"FLAGGED IN PLACE - not deleted, not rounded",YES,"attached to the site. The recorded council specification is reproduced without alteration: 32 MPa, 125mm, SL72 fabric, 4.0-5.5m urban width, 1200mm footpath allocation (900mm offset; 800mm in Oran Park), 4% footpath crossfall, 1:6 max batter. Before crossover work in Gregory Hil"
4.0-5.5m,council-sourced-pending-verification,1,1126,concreters-harrington-park,suburb,publish,no,1,NO,NO,"FLAGGED IN PLACE - not deleted, not rounded",YES,"nfirm before starting. The recorded council specification is reproduced without alteration: 32 MPa, 125mm, SL72 fabric, 4.0-5.5m urban width, 1200mm footpath allocation (900mm offset; 800mm in Oran Park), 4% footpath crossfall, 1:6 max batter. Before crossover work in Harrington"
4.0-5.5m,council-sourced-pending-verification,1,1375,concreters-mount-annan,suburb,draft,no,3 pending Stage 27,NO,NO,"FLAGGED IN PLACE - not deleted, not rounded",YES,"Crossing Application. The recorded council specification is reproduced without alteration: 32 MPa, 125mm, SL72 fabric, 4.0-5.5m urban width, 1200mm footpath allocation (900mm offset; 800mm in Oran Park), 4% footpath crossfall, 1:6 max batter. Before crossover work in Mount Annan"
4.0-5.5m,council-sourced-pending-verification,1,1372,concreters-narellan,suburb,draft,no,3 pending Stage 27,NO,NO,"FLAGGED IN PLACE - not deleted, not rounded",YES,"Driveway Application. The recorded council specification is reproduced without alteration: 32 MPa, 125mm, SL72 fabric, 4.0-5.5m urban width, 1200mm footpath allocation (900mm offset; 800mm in Oran Park), 4% footpath crossfall, 1:6 max batter. Before crossover work in Narellan st"
4.0-5.5m,council-sourced-pending-verification,1,1377,concreters-spring-farm,suburb,draft,no,3 pending Stage 27,NO,NO,"FLAGGED IN PLACE - not deleted, not rounded",YES,"ard spec can't be met. The recorded council specification is reproduced without alteration: 32 MPa, 125mm, SL72 fabric, 4.0-5.5m urban width, 1200mm footpath allocation (900mm offset; 800mm in Oran Park), 4% footpath crossfall, 1:6 max batter. Before crossover work in Spring Farm"
4.0-5.5m,council-sourced-pending-verification,1,922,decorative-concrete-south-west-sydney,service,publish,no,1,NO,NO,"FLAGGED IN PLACE - not deleted, not rounded",YES,"h scope keeps it open. The recorded council specification is reproduced without alteration: 32 MPa, 125mm, SL72 fabric, 4.0-5.5m urban width, 1200mm footpath allocation (900mm offset; 800mm in Oran Park), 4% footpath crossfall, 1:6 max batter. The evidence behind this decision is"
4.0-5.5m,council-sourced-pending-verification,1,129,exposed-aggregate-south-west-sydney,service,publish,no,1,NO,NO,"FLAGGED IN PLACE - not deleted, not rounded",YES,"h scope keeps it open. The recorded council specification is reproduced without alteration: 32 MPa, 125mm, SL72 fabric, 4.0-5.5m urban width, 1200mm footpath allocation (900mm offset; 800mm in Oran Park), 4% footpath crossfall, 1:6 max batter. aggregate-finish scope records inten"
4.0-5.5m,council-sourced-pending-verification,1,12,homepage,home,publish,no,1,NO,NO,"FLAGGED IN PLACE - not deleted, not rounded",YES,"For a Camden Council residential crossing, the recorded specification is 32 MPa concrete, 125mm thickness, SL72 fabric, 4.0-5.5m urban width, a 1200mm footpath allocation, 4% crossfall and a maximum 1:6 batter. Tier 1 service areas are Oran Park , Leppington , Gregory Hills , Gle"
4.0-5.5m,council-sourced-pending-verification,1,1367,shed-and-garage-slabs-south-west-sydney,service,publish,no,1,NO,NO,"FLAGGED IN PLACE - not deleted, not rounded",YES,"b scope keeps it open. The recorded council specification is reproduced without alteration: 32 MPa, 125mm, SL72 fabric, 4.0-5.5m urban width, 1200mm footpath allocation (900mm offset; 800mm in Oran Park), 4% footpath crossfall, 1:6 max batter. shed-slab scope documents intended u"
800mm,council-sourced-pending-verification,1,1369,commercial-concreting-south-west-sydney,service,publish,no,1,NO,NO,"FLAGGED IN PLACE - not deleted, not rounded",YES,"roduced without alteration: 32 MPa, 125mm, SL72 fabric, 4.0-5.5m urban width, 1200mm footpath allocation (900mm offset; 800mm in Oran Park), 4% footpath crossfall, 1:6 max batter. hardstand-work scope tracks intended use; hardstand-work scope keeps provenance visible. hardstand-w"
800mm,council-sourced-pending-verification,2,1467,concrete-crossovers-and-laybacks-oran-park,intersection,draft,YES,none — WITHDRAWN (D16),NO,NO,"FLAGGED IN PLACE - not deleted, not rounded",YES,"eeps it open. The supplied evidence authorising this exact intersection is: The footpath allocation in Oran Park starts 800mm from the property boundary, not the 900mm that applies across the rest of the Camden LGA. The allocation is 1200mm wide either way. Get the layback set-ou"
800mm,council-sourced-pending-verification,1,1368,concrete-crossovers-and-laybacks-south-west-sydney,service,publish,no,1,NO,NO,"FLAGGED IN PLACE - not deleted, not rounded",YES,"roduced without alteration: 32 MPa, 125mm, SL72 fabric, 4.0-5.5m urban width, 1200mm footpath allocation (900mm offset; 800mm in Oran Park), 4% footpath crossfall, 1:6 max batter. The evidence behind this decision is set out in Driveway Crossover Cost NSW before it is applied to"
800mm,council-sourced-pending-verification,1,1366,concrete-driveway-replacement-south-west-sydney,service,publish,no,1,NO,NO,"FLAGGED IN PLACE - not deleted, not rounded",YES,"roduced without alteration: 32 MPa, 125mm, SL72 fabric, 4.0-5.5m urban width, 1200mm footpath allocation (900mm offset; 800mm in Oran Park), 4% footpath crossfall, 1:6 max batter. The evidence behind this decision is set out in How Long Before You Can Drive On Concrete before it"
800mm,council-sourced-pending-verification,1,105,concrete-driveways-south-west-sydney,service,publish,no,1,NO,NO,"FLAGGED IN PLACE - not deleted, not rounded",YES,"roduced without alteration: 32 MPa, 125mm, SL72 fabric, 4.0-5.5m urban width, 1200mm footpath allocation (900mm offset; 800mm in Oran Park), 4% footpath crossfall, 1:6 max batter. The evidence behind this decision is set out in What Actually Moves A Concrete Quote before it is ap"
800mm,council-sourced-pending-verification,1,178,concrete-paths-south-west-sydney,service,publish,no,1,NO,NO,"FLAGGED IN PLACE - not deleted, not rounded",YES,"roduced without alteration: 32 MPa, 125mm, SL72 fabric, 4.0-5.5m urban width, 1200mm footpath allocation (900mm offset; 800mm in Oran Park), 4% footpath crossfall, 1:6 max batter. pathway-work scope tracks intended use; pathway-work scope leaves an audit trail. pathway-work scope"
800mm,council-sourced-pending-verification,1,195,concrete-patios-south-west-sydney,service,publish,no,1,NO,NO,"FLAGGED IN PLACE - not deleted, not rounded",YES,"roduced without alteration: 32 MPa, 125mm, SL72 fabric, 4.0-5.5m urban width, 1200mm footpath allocation (900mm offset; 800mm in Oran Park), 4% footpath crossfall, 1:6 max batter. alfresco-slab scope logs intended use; alfresco-slab scope keeps the basis explicit. alfresco-slab s"
800mm,council-sourced-pending-verification,1,163,concrete-slabs-south-west-sydney,service,publish,no,1,NO,NO,"FLAGGED IN PLACE - not deleted, not rounded",YES,"roduced without alteration: 32 MPa, 125mm, SL72 fabric, 4.0-5.5m urban width, 1200mm footpath allocation (900mm offset; 800mm in Oran Park), 4% footpath crossfall, 1:6 max batter. The evidence behind this decision is set out in Shed Slab Cost before it is applied to a project sco"
800mm,council-sourced-pending-verification,1,1371,concreters-catherine-field,suburb,draft,no,3 pending Stage 27,NO,NO,"FLAGGED IN PLACE - not deleted, not rounded",YES,"roduced without alteration: 32 MPa, 125mm, SL72 fabric, 4.0-5.5m urban width, 1200mm footpath allocation (900mm offset; 800mm in Oran Park), 4% footpath crossfall, 1:6 max batter. Before crossover work in Catherine Field starts, the governing lot and application path are checked."
800mm,council-sourced-pending-verification,1,1379,concreters-cobbitty,suburb,draft,no,none — unresearched,NO,NO,"FLAGGED IN PLACE - not deleted, not rounded",YES,"roduced without alteration: 32 MPa, 125mm, SL72 fabric, 4.0-5.5m urban width, 1200mm footpath allocation (900mm offset; 800mm in Oran Park), 4% footpath crossfall, 1:6 max batter. Before crossover work in Cobbitty starts, the governing lot and application path are checked. The re"
800mm,council-sourced-pending-verification,1,1376,concreters-currans-hill,suburb,draft,no,none — unresearched,NO,NO,"FLAGGED IN PLACE - not deleted, not rounded",YES,"roduced without alteration: 32 MPa, 125mm, SL72 fabric, 4.0-5.5m urban width, 1200mm footpath allocation (900mm offset; 800mm in Oran Park), 4% footpath crossfall, 1:6 max batter. Before crossover work in Currans Hill starts, the governing lot and application path are checked. Th"
800mm,council-sourced-pending-verification,1,1378,concreters-elderslie,suburb,draft,no,3 pending Stage 27,NO,NO,"FLAGGED IN PLACE - not deleted, not rounded",YES,"roduced without alteration: 32 MPa, 125mm, SL72 fabric, 4.0-5.5m urban width, 1200mm footpath allocation (900mm offset; 800mm in Oran Park), 4% footpath crossfall, 1:6 max batter. Before crossover work in Elderslie starts, the governing lot and application path are checked. The r"
800mm,council-sourced-pending-verification,1,1370,concreters-gledswood-hills,suburb,publish,no,1,NO,NO,"FLAGGED IN PLACE - not deleted, not rounded",YES,"roduced without alteration: 32 MPa, 125mm, SL72 fabric, 4.0-5.5m urban width, 1200mm footpath allocation (900mm offset; 800mm in Oran Park), 4% footpath crossfall, 1:6 max batter. For crossover work in Gledswood Hills , council geometry and the estate finish control are both conf"
800mm,council-sourced-pending-verification,1,969,concreters-gregory-hills,suburb,publish,no,1,NO,NO,"FLAGGED IN PLACE - not deleted, not rounded",YES,"roduced without alteration: 32 MPa, 125mm, SL72 fabric, 4.0-5.5m urban width, 1200mm footpath allocation (900mm offset; 800mm in Oran Park), 4% footpath crossfall, 1:6 max batter. Before crossover work in Gregory Hills starts, the governing lot and application path are checked. T"
800mm,council-sourced-pending-verification,1,1126,concreters-harrington-park,suburb,publish,no,1,NO,NO,"FLAGGED IN PLACE - not deleted, not rounded",YES,"roduced without alteration: 32 MPa, 125mm, SL72 fabric, 4.0-5.5m urban width, 1200mm footpath allocation (900mm offset; 800mm in Oran Park), 4% footpath crossfall, 1:6 max batter. Before crossover work in Harrington Park starts, the governing lot and application path are checked."
800mm,council-sourced-pending-verification,1,1375,concreters-mount-annan,suburb,draft,no,3 pending Stage 27,NO,NO,"FLAGGED IN PLACE - not deleted, not rounded",YES,"roduced without alteration: 32 MPa, 125mm, SL72 fabric, 4.0-5.5m urban width, 1200mm footpath allocation (900mm offset; 800mm in Oran Park), 4% footpath crossfall, 1:6 max batter. Before crossover work in Mount Annan starts, the governing lot and application path are checked. The"
800mm,council-sourced-pending-verification,1,1372,concreters-narellan,suburb,draft,no,3 pending Stage 27,NO,NO,"FLAGGED IN PLACE - not deleted, not rounded",YES,"roduced without alteration: 32 MPa, 125mm, SL72 fabric, 4.0-5.5m urban width, 1200mm footpath allocation (900mm offset; 800mm in Oran Park), 4% footpath crossfall, 1:6 max batter. Before crossover work in Narellan starts, the governing lot and application path are checked. The re"
800mm,council-sourced-pending-verification,3,474,concreters-oran-park,suburb,publish,no,1,NO,NO,"FLAGGED IN PLACE - not deleted, not rounded",YES,"back a year later. One local detail worth knowing before anyone quotes you: the footpath allocation in Oran Park starts 800mm from your property boundary, not the 900mm that applies across the rest of Camden. Get the crossover set-out wrong by that 100mm and it fails inspection."
800mm,council-sourced-pending-verification,1,1377,concreters-spring-farm,suburb,draft,no,3 pending Stage 27,NO,NO,"FLAGGED IN PLACE - not deleted, not rounded",YES,"roduced without alteration: 32 MPa, 125mm, SL72 fabric, 4.0-5.5m urban width, 1200mm footpath allocation (900mm offset; 800mm in Oran Park), 4% footpath crossfall, 1:6 max batter. Before crossover work in Spring Farm starts, the governing lot and application path are checked. The"
800mm,council-sourced-pending-verification,1,922,decorative-concrete-south-west-sydney,service,publish,no,1,NO,NO,"FLAGGED IN PLACE - not deleted, not rounded",YES,"roduced without alteration: 32 MPa, 125mm, SL72 fabric, 4.0-5.5m urban width, 1200mm footpath allocation (900mm offset; 800mm in Oran Park), 4% footpath crossfall, 1:6 max batter. The evidence behind this decision is set out in Honed And Polished Concrete before it is applied to"
800mm,council-sourced-pending-verification,1,129,exposed-aggregate-south-west-sydney,service,publish,no,1,NO,NO,"FLAGGED IN PLACE - not deleted, not rounded",YES,"roduced without alteration: 32 MPa, 125mm, SL72 fabric, 4.0-5.5m urban width, 1200mm footpath allocation (900mm offset; 800mm in Oran Park), 4% footpath crossfall, 1:6 max batter. aggregate-finish scope records intended use; aggregate-finish scope retains the source. aggregate-fi"
800mm,council-sourced-pending-verification,1,1367,shed-and-garage-slabs-south-west-sydney,service,publish,no,1,NO,NO,"FLAGGED IN PLACE - not deleted, not rounded",YES,"roduced without alteration: 32 MPa, 125mm, SL72 fabric, 4.0-5.5m urban width, 1200mm footpath allocation (900mm offset; 800mm in Oran Park), 4% footpath crossfall, 1:6 max batter. shed-slab scope documents intended use; shed-slab scope keeps provenance visible. shed-slab scope te"
900mm,council-sourced-pending-verification,1,1369,commercial-concreting-south-west-sydney,service,publish,no,1,NO,NO,"FLAGGED IN PLACE - not deleted, not rounded",YES,"ication is reproduced without alteration: 32 MPa, 125mm, SL72 fabric, 4.0-5.5m urban width, 1200mm footpath allocation (900mm offset; 800mm in Oran Park), 4% footpath crossfall, 1:6 max batter. hardstand-work scope tracks intended use; hardstand-work scope keeps provenance visibl"
900mm,council-sourced-pending-verification,2,1467,concrete-crossovers-and-laybacks-oran-park,intersection,draft,YES,none — WITHDRAWN (D16),NO,NO,"FLAGGED IN PLACE - not deleted, not rounded",YES,"ising this exact intersection is: The footpath allocation in Oran Park starts 800mm from the property boundary, not the 900mm that applies across the rest of the Camden LGA. The allocation is 1200mm wide either way. Get the layback set-out wrong by that 100mm and the crossover fa"
900mm,council-sourced-pending-verification,1,1368,concrete-crossovers-and-laybacks-south-west-sydney,service,publish,no,1,NO,NO,"FLAGGED IN PLACE - not deleted, not rounded",YES,"ication is reproduced without alteration: 32 MPa, 125mm, SL72 fabric, 4.0-5.5m urban width, 1200mm footpath allocation (900mm offset; 800mm in Oran Park), 4% footpath crossfall, 1:6 max batter. The evidence behind this decision is set out in Driveway Crossover Cost NSW before it"
900mm,council-sourced-pending-verification,1,1366,concrete-driveway-replacement-south-west-sydney,service,publish,no,1,NO,NO,"FLAGGED IN PLACE - not deleted, not rounded",YES,"ication is reproduced without alteration: 32 MPa, 125mm, SL72 fabric, 4.0-5.5m urban width, 1200mm footpath allocation (900mm offset; 800mm in Oran Park), 4% footpath crossfall, 1:6 max batter. The evidence behind this decision is set out in How Long Before You Can Drive On Concr"
900mm,council-sourced-pending-verification,1,105,concrete-driveways-south-west-sydney,service,publish,no,1,NO,NO,"FLAGGED IN PLACE - not deleted, not rounded",YES,"ication is reproduced without alteration: 32 MPa, 125mm, SL72 fabric, 4.0-5.5m urban width, 1200mm footpath allocation (900mm offset; 800mm in Oran Park), 4% footpath crossfall, 1:6 max batter. The evidence behind this decision is set out in What Actually Moves A Concrete Quote b"
900mm,council-sourced-pending-verification,1,178,concrete-paths-south-west-sydney,service,publish,no,1,NO,NO,"FLAGGED IN PLACE - not deleted, not rounded",YES,"ication is reproduced without alteration: 32 MPa, 125mm, SL72 fabric, 4.0-5.5m urban width, 1200mm footpath allocation (900mm offset; 800mm in Oran Park), 4% footpath crossfall, 1:6 max batter. pathway-work scope tracks intended use; pathway-work scope leaves an audit trail. path"
900mm,council-sourced-pending-verification,1,195,concrete-patios-south-west-sydney,service,publish,no,1,NO,NO,"FLAGGED IN PLACE - not deleted, not rounded",YES,"ication is reproduced without alteration: 32 MPa, 125mm, SL72 fabric, 4.0-5.5m urban width, 1200mm footpath allocation (900mm offset; 800mm in Oran Park), 4% footpath crossfall, 1:6 max batter. alfresco-slab scope logs intended use; alfresco-slab scope keeps the basis explicit. a"
900mm,council-sourced-pending-verification,1,163,concrete-slabs-south-west-sydney,service,publish,no,1,NO,NO,"FLAGGED IN PLACE - not deleted, not rounded",YES,"ication is reproduced without alteration: 32 MPa, 125mm, SL72 fabric, 4.0-5.5m urban width, 1200mm footpath allocation (900mm offset; 800mm in Oran Park), 4% footpath crossfall, 1:6 max batter. The evidence behind this decision is set out in Shed Slab Cost before it is applied to"
900mm,council-sourced-pending-verification,1,1371,concreters-catherine-field,suburb,draft,no,3 pending Stage 27,NO,NO,"FLAGGED IN PLACE - not deleted, not rounded",YES,"ication is reproduced without alteration: 32 MPa, 125mm, SL72 fabric, 4.0-5.5m urban width, 1200mm footpath allocation (900mm offset; 800mm in Oran Park), 4% footpath crossfall, 1:6 max batter. Before crossover work in Catherine Field starts, the governing lot and application pat"
900mm,council-sourced-pending-verification,1,1379,concreters-cobbitty,suburb,draft,no,none — unresearched,NO,NO,"FLAGGED IN PLACE - not deleted, not rounded",YES,"ication is reproduced without alteration: 32 MPa, 125mm, SL72 fabric, 4.0-5.5m urban width, 1200mm footpath allocation (900mm offset; 800mm in Oran Park), 4% footpath crossfall, 1:6 max batter. Before crossover work in Cobbitty starts, the governing lot and application path are c"
900mm,council-sourced-pending-verification,1,1376,concreters-currans-hill,suburb,draft,no,none — unresearched,NO,NO,"FLAGGED IN PLACE - not deleted, not rounded",YES,"ication is reproduced without alteration: 32 MPa, 125mm, SL72 fabric, 4.0-5.5m urban width, 1200mm footpath allocation (900mm offset; 800mm in Oran Park), 4% footpath crossfall, 1:6 max batter. Before crossover work in Currans Hill starts, the governing lot and application path a"
900mm,council-sourced-pending-verification,1,1378,concreters-elderslie,suburb,draft,no,3 pending Stage 27,NO,NO,"FLAGGED IN PLACE - not deleted, not rounded",YES,"ication is reproduced without alteration: 32 MPa, 125mm, SL72 fabric, 4.0-5.5m urban width, 1200mm footpath allocation (900mm offset; 800mm in Oran Park), 4% footpath crossfall, 1:6 max batter. Before crossover work in Elderslie starts, the governing lot and application path are"
900mm,council-sourced-pending-verification,1,1370,concreters-gledswood-hills,suburb,publish,no,1,NO,NO,"FLAGGED IN PLACE - not deleted, not rounded",YES,"ication is reproduced without alteration: 32 MPa, 125mm, SL72 fabric, 4.0-5.5m urban width, 1200mm footpath allocation (900mm offset; 800mm in Oran Park), 4% footpath crossfall, 1:6 max batter. For crossover work in Gledswood Hills , council geometry and the estate finish control"
900mm,council-sourced-pending-verification,1,969,concreters-gregory-hills,suburb,publish,no,1,NO,NO,"FLAGGED IN PLACE - not deleted, not rounded",YES,"ication is reproduced without alteration: 32 MPa, 125mm, SL72 fabric, 4.0-5.5m urban width, 1200mm footpath allocation (900mm offset; 800mm in Oran Park), 4% footpath crossfall, 1:6 max batter. Before crossover work in Gregory Hills starts, the governing lot and application path"
900mm,council-sourced-pending-verification,1,1126,concreters-harrington-park,suburb,publish,no,1,NO,NO,"FLAGGED IN PLACE - not deleted, not rounded",YES,"ication is reproduced without alteration: 32 MPa, 125mm, SL72 fabric, 4.0-5.5m urban width, 1200mm footpath allocation (900mm offset; 800mm in Oran Park), 4% footpath crossfall, 1:6 max batter. Before crossover work in Harrington Park starts, the governing lot and application pat"
900mm,council-sourced-pending-verification,1,1375,concreters-mount-annan,suburb,draft,no,3 pending Stage 27,NO,NO,"FLAGGED IN PLACE - not deleted, not rounded",YES,"ication is reproduced without alteration: 32 MPa, 125mm, SL72 fabric, 4.0-5.5m urban width, 1200mm footpath allocation (900mm offset; 800mm in Oran Park), 4% footpath crossfall, 1:6 max batter. Before crossover work in Mount Annan starts, the governing lot and application path ar"
900mm,council-sourced-pending-verification,1,1372,concreters-narellan,suburb,draft,no,3 pending Stage 27,NO,NO,"FLAGGED IN PLACE - not deleted, not rounded",YES,"ication is reproduced without alteration: 32 MPa, 125mm, SL72 fabric, 4.0-5.5m urban width, 1200mm footpath allocation (900mm offset; 800mm in Oran Park), 4% footpath crossfall, 1:6 max batter. Before crossover work in Narellan starts, the governing lot and application path are c"
900mm,council-sourced-pending-verification,4,474,concreters-oran-park,suburb,publish,no,1,NO,NO,"FLAGGED IN PLACE - not deleted, not rounded",YES,"nowing before anyone quotes you: the footpath allocation in Oran Park starts 800mm from your property boundary, not the 900mm that applies across the rest of Camden. Get the crossover set-out wrong by that 100mm and it fails inspection. We build driveways, slabs, paths and outdoo"
900mm,council-sourced-pending-verification,1,1377,concreters-spring-farm,suburb,draft,no,3 pending Stage 27,NO,NO,"FLAGGED IN PLACE - not deleted, not rounded",YES,"ication is reproduced without alteration: 32 MPa, 125mm, SL72 fabric, 4.0-5.5m urban width, 1200mm footpath allocation (900mm offset; 800mm in Oran Park), 4% footpath crossfall, 1:6 max batter. Before crossover work in Spring Farm starts, the governing lot and application path ar"
900mm,council-sourced-pending-verification,1,922,decorative-concrete-south-west-sydney,service,publish,no,1,NO,NO,"FLAGGED IN PLACE - not deleted, not rounded",YES,"ication is reproduced without alteration: 32 MPa, 125mm, SL72 fabric, 4.0-5.5m urban width, 1200mm footpath allocation (900mm offset; 800mm in Oran Park), 4% footpath crossfall, 1:6 max batter. The evidence behind this decision is set out in Honed And Polished Concrete before it"
900mm,council-sourced-pending-verification,1,129,exposed-aggregate-south-west-sydney,service,publish,no,1,NO,NO,"FLAGGED IN PLACE - not deleted, not rounded",YES,"ication is reproduced without alteration: 32 MPa, 125mm, SL72 fabric, 4.0-5.5m urban width, 1200mm footpath allocation (900mm offset; 800mm in Oran Park), 4% footpath crossfall, 1:6 max batter. aggregate-finish scope records intended use; aggregate-finish scope retains the source"
900mm,council-sourced-pending-verification,1,1367,shed-and-garage-slabs-south-west-sydney,service,publish,no,1,NO,NO,"FLAGGED IN PLACE - not deleted, not rounded",YES,"ication is reproduced without alteration: 32 MPa, 125mm, SL72 fabric, 4.0-5.5m urban width, 1200mm footpath allocation (900mm offset; 800mm in Oran Park), 4% footpath crossfall, 1:6 max batter. shed-slab scope documents intended use; shed-slab scope keeps provenance visible. shed"
125mm,template-artefact-unattested,1,706,camden-council-driveway-crossing,guide,draft,YES,none — WITHDRAWN (D21),NO,NO,"FLAGGED IN PLACE - not deleted, not rounded",YES,"ssing specification is retained verbatim. Camden Council's recorded urban residential specification is 32 MPa concrete, 125mm thickness, SL72 fabric, 4.0-5.5m width, a 1200mm footpath allocation, 4% crossfall and maximum 1:6 batter. camden-council-driveway-guide lists decision ow"
125mm,template-artefact-unattested,1,1369,commercial-concreting-south-west-sydney,service,publish,no,1,NO,NO,"FLAGGED IN PLACE - not deleted, not rounded",YES,"ntity; hardstand-work scope keeps it open. The recorded council specification is reproduced without alteration: 32 MPa, 125mm, SL72 fabric, 4.0-5.5m urban width, 1200mm footpath allocation (900mm offset; 800mm in Oran Park), 4% footpath crossfall, 1:6 max batter. hardstand-work s"
125mm,template-artefact-unattested,1,1368,concrete-crossovers-and-laybacks-south-west-sydney,service,publish,no,1,NO,NO,"FLAGGED IN PLACE - not deleted, not rounded",YES,"ntity; crossover-work scope keeps it open. The recorded council specification is reproduced without alteration: 32 MPa, 125mm, SL72 fabric, 4.0-5.5m urban width, 1200mm footpath allocation (900mm offset; 800mm in Oran Park), 4% footpath crossfall, 1:6 max batter. The evidence beh"
125mm,template-artefact-unattested,1,1366,concrete-driveway-replacement-south-west-sydney,service,publish,no,1,NO,NO,"FLAGGED IN PLACE - not deleted, not rounded",YES,"replacement-driveway scope keeps it open. The recorded council specification is reproduced without alteration: 32 MPa, 125mm, SL72 fabric, 4.0-5.5m urban width, 1200mm footpath allocation (900mm offset; 800mm in Oran Park), 4% footpath crossfall, 1:6 max batter. The evidence beh"
125mm,template-artefact-unattested,1,1485,concrete-driveways-catherine-field,intersection,draft,YES,none — WITHDRAWN (D16),NO,NO,"FLAGGED IN PLACE - not deleted, not rounded",YES,"xact intersection is: Catherine Field is mid-transition. On one street it is a 4.5m urban crossover to Camden's 32 MPa, 125mm, SL72 standard; two streets over it is an RU acreage lot needing a Council standard dish crossing aligned to the table drain invert plus a bitumen shoulde"
125mm,template-artefact-unattested,1,105,concrete-driveways-south-west-sydney,service,publish,no,1,NO,NO,"FLAGGED IN PLACE - not deleted, not rounded",YES,"dentity; new-driveway scope keeps it open. The recorded council specification is reproduced without alteration: 32 MPa, 125mm, SL72 fabric, 4.0-5.5m urban width, 1200mm footpath allocation (900mm offset; 800mm in Oran Park), 4% footpath crossfall, 1:6 max batter. The evidence beh"
125mm,template-artefact-unattested,1,178,concrete-paths-south-west-sydney,service,publish,no,1,NO,NO,"FLAGGED IN PLACE - not deleted, not rounded",YES,"dentity; pathway-work scope keeps it open. The recorded council specification is reproduced without alteration: 32 MPa, 125mm, SL72 fabric, 4.0-5.5m urban width, 1200mm footpath allocation (900mm offset; 800mm in Oran Park), 4% footpath crossfall, 1:6 max batter. pathway-work sco"
125mm,template-artefact-unattested,1,195,concrete-patios-south-west-sydney,service,publish,no,1,NO,NO,"FLAGGED IN PLACE - not deleted, not rounded",YES,"entity; alfresco-slab scope keeps it open. The recorded council specification is reproduced without alteration: 32 MPa, 125mm, SL72 fabric, 4.0-5.5m urban width, 1200mm footpath allocation (900mm offset; 800mm in Oran Park), 4% footpath crossfall, 1:6 max batter. alfresco-slab sc"
125mm,template-artefact-unattested,1,163,concrete-slabs-south-west-sydney,service,publish,no,1,NO,NO,"FLAGGED IN PLACE - not deleted, not rounded",YES,"ity; residential-slab scope keeps it open. The recorded council specification is reproduced without alteration: 32 MPa, 125mm, SL72 fabric, 4.0-5.5m urban width, 1200mm footpath allocation (900mm offset; 800mm in Oran Park), 4% footpath crossfall, 1:6 max batter. The evidence beh"
125mm,template-artefact-unattested,4,1371,concreters-catherine-field,suburb,draft,no,3 pending Stage 27,NO,NO,"FLAGGED IN PLACE - not deleted, not rounded",YES,erine Field Catherine Field is mid-transition. On one street you're pouring a 4.5m urban crossover to Camden's 32 MPa / 125mm / SL72 standard; two streets over you're on an RU acreage lot where Council requires a standard concrete dish crossing aligned to the table drain invert a
125mm,template-artefact-unattested,1,1379,concreters-cobbitty,suburb,draft,no,none — unresearched,NO,NO,"FLAGGED IN PLACE - not deleted, not rounded",YES,"oval only. Bitumen shoulder seal required. The recorded council specification is reproduced without alteration: 32 MPa, 125mm, SL72 fabric, 4.0-5.5m urban width, 1200mm footpath allocation (900mm offset; 800mm in Oran Park), 4% footpath crossfall, 1:6 max batter. Before crossover"
125mm,template-artefact-unattested,1,1376,concreters-currans-hill,suburb,draft,no,none — unresearched,NO,NO,"FLAGGED IN PLACE - not deleted, not rounded",YES,"where the crossover is altered or widened. The recorded council specification is reproduced without alteration: 32 MPa, 125mm, SL72 fabric, 4.0-5.5m urban width, 1200mm footpath allocation (900mm offset; 800mm in Oran Park), 4% footpath crossfall, 1:6 max batter. Before crossover"
125mm,template-artefact-unattested,1,1378,concreters-elderslie,suburb,draft,no,3 pending Stage 27,NO,NO,"FLAGGED IN PLACE - not deleted, not rounded",YES,"Application for new or altered crossovers. The recorded council specification is reproduced without alteration: 32 MPa, 125mm, SL72 fabric, 4.0-5.5m urban width, 1200mm footpath allocation (900mm offset; 800mm in Oran Park), 4% footpath crossfall, 1:6 max batter. Before crossover"
125mm,template-artefact-unattested,1,1370,concreters-gledswood-hills,suburb,publish,no,1,NO,NO,"FLAGGED IN PLACE - not deleted, not rounded",YES,"ish before a plain broom finish is quoted. The recorded council specification is reproduced without alteration: 32 MPa, 125mm, SL72 fabric, 4.0-5.5m urban width, 1200mm footpath allocation (900mm offset; 800mm in Oran Park), 4% footpath crossfall, 1:6 max batter. For crossover wo"
125mm,template-artefact-unattested,1,969,concreters-gregory-hills,suburb,publish,no,1,NO,NO,"FLAGGED IN PLACE - not deleted, not rounded",YES,"us any DA conditions attached to the site. The recorded council specification is reproduced without alteration: 32 MPa, 125mm, SL72 fabric, 4.0-5.5m urban width, 1200mm footpath allocation (900mm offset; 800mm in Oran Park), 4% footpath crossfall, 1:6 max batter. Before crossover"
125mm,template-artefact-unattested,1,1126,concreters-harrington-park,suburb,publish,no,1,NO,NO,"FLAGGED IN PLACE - not deleted, not rounded",YES,"lly does not, but confirm before starting. The recorded council specification is reproduced without alteration: 32 MPa, 125mm, SL72 fabric, 4.0-5.5m urban width, 1200mm footpath allocation (900mm offset; 800mm in Oran Park), 4% footpath crossfall, 1:6 max batter. Before crossover"
125mm,template-artefact-unattested,1,1375,concreters-mount-annan,suburb,draft,no,3 pending Stage 27,NO,NO,"FLAGGED IN PLACE - not deleted, not rounded",YES,"en Standard Driveway Crossing Application. The recorded council specification is reproduced without alteration: 32 MPa, 125mm, SL72 fabric, 4.0-5.5m urban width, 1200mm footpath allocation (900mm offset; 800mm in Oran Park), 4% footpath crossfall, 1:6 max batter. Before crossover"
125mm,template-artefact-unattested,1,1372,concreters-narellan,suburb,draft,no,3 pending Stage 27,NO,NO,"FLAGGED IN PLACE - not deleted, not rounded",YES,"use the Non-Standard Driveway Application. The recorded council specification is reproduced without alteration: 32 MPa, 125mm, SL72 fabric, 4.0-5.5m urban width, 1200mm footpath allocation (900mm offset; 800mm in Oran Park), 4% footpath crossfall, 1:6 max batter. Before crossover"
125mm,template-artefact-unattested,2,474,concreters-oran-park,suburb,publish,no,1,NO,NO,"FLAGGED IN PLACE - not deleted, not rounded",YES,"slab rather than lying on the dirt — mesh on the ground does almost nothing. Camden Council specifies SL72 fabric in a 125mm slab at 32 MPa for a residential crossing, and that's the standard we build the whole driveway to, not just the section on council land. The Oran Park evi"
125mm,template-artefact-unattested,1,1377,concreters-spring-farm,suburb,draft,no,3 pending Stage 27,NO,NO,"FLAGGED IN PLACE - not deleted, not rounded",YES,"ion of why the standard spec can't be met. The recorded council specification is reproduced without alteration: 32 MPa, 125mm, SL72 fabric, 4.0-5.5m urban width, 1200mm footpath allocation (900mm offset; 800mm in Oran Park), 4% footpath crossfall, 1:6 max batter. Before crossover"
125mm,template-artefact-unattested,1,922,decorative-concrete-south-west-sydney,service,publish,no,1,NO,NO,"FLAGGED IN PLACE - not deleted, not rounded",YES,"ty; decorative-finish scope keeps it open. The recorded council specification is reproduced without alteration: 32 MPa, 125mm, SL72 fabric, 4.0-5.5m urban width, 1200mm footpath allocation (900mm offset; 800mm in Oran Park), 4% footpath crossfall, 1:6 max batter. The evidence beh"
125mm,template-artefact-unattested,1,129,exposed-aggregate-south-west-sydney,service,publish,no,1,NO,NO,"FLAGGED IN PLACE - not deleted, not rounded",YES,"ity; aggregate-finish scope keeps it open. The recorded council specification is reproduced without alteration: 32 MPa, 125mm, SL72 fabric, 4.0-5.5m urban width, 1200mm footpath allocation (900mm offset; 800mm in Oran Park), 4% footpath crossfall, 1:6 max batter. aggregate-finish"
125mm,template-artefact-unattested,1,12,homepage,home,publish,no,1,NO,NO,"FLAGGED IN PLACE - not deleted, not rounded",YES,"assumed from the suburb name. For a Camden Council residential crossing, the recorded specification is 32 MPa concrete, 125mm thickness, SL72 fabric, 4.0-5.5m urban width, a 1200mm footpath allocation, 4% crossfall and a maximum 1:6 batter. Tier 1 service areas are Oran Park , Le"
125mm,template-artefact-unattested,1,1367,shed-and-garage-slabs-south-west-sydney,service,publish,no,1,NO,NO,"FLAGGED IN PLACE - not deleted, not rounded",YES,"e identity; shed-slab scope keeps it open. The recorded council specification is reproduced without alteration: 32 MPa, 125mm, SL72 fabric, 4.0-5.5m urban width, 1200mm footpath allocation (900mm offset; 800mm in Oran Park), 4% footpath crossfall, 1:6 max batter. shed-slab scope"
32 MPa,template-artefact-unattested,1,706,camden-council-driveway-crossing,guide,draft,YES,none — WITHDRAWN (D21),NO,NO,"FLAGGED IN PLACE - not deleted, not rounded",YES,"roved numeric crossing specification is retained verbatim. Camden Council's recorded urban residential specification is 32 MPa concrete, 125mm thickness, SL72 fabric, 4.0-5.5m width, a 1200mm footpath allocation, 4% crossfall and maximum 1:6 batter. camden-council-driveway-guide"
32 MPa,template-artefact-unattested,1,1369,commercial-concreting-south-west-sydney,service,publish,no,1,NO,NO,"FLAGGED IN PLACE - not deleted, not rounded",YES,"site identity; hardstand-work scope keeps it open. The recorded council specification is reproduced without alteration: 32 MPa, 125mm, SL72 fabric, 4.0-5.5m urban width, 1200mm footpath allocation (900mm offset; 800mm in Oran Park), 4% footpath crossfall, 1:6 max batter. hardstan"
32 MPa,template-artefact-unattested,1,1368,concrete-crossovers-and-laybacks-south-west-sydney,service,publish,no,1,NO,NO,"FLAGGED IN PLACE - not deleted, not rounded",YES,"site identity; crossover-work scope keeps it open. The recorded council specification is reproduced without alteration: 32 MPa, 125mm, SL72 fabric, 4.0-5.5m urban width, 1200mm footpath allocation (900mm offset; 800mm in Oran Park), 4% footpath crossfall, 1:6 max batter. The evid"
32 MPa,template-artefact-unattested,1,1366,concrete-driveway-replacement-south-west-sydney,service,publish,no,1,NO,NO,"FLAGGED IN PLACE - not deleted, not rounded",YES,"dentity; replacement-driveway scope keeps it open. The recorded council specification is reproduced without alteration: 32 MPa, 125mm, SL72 fabric, 4.0-5.5m urban width, 1200mm footpath allocation (900mm offset; 800mm in Oran Park), 4% footpath crossfall, 1:6 max batter. The evid"
32 MPa,template-artefact-unattested,1,1485,concrete-driveways-catherine-field,intersection,draft,YES,none — WITHDRAWN (D16),NO,NO,"FLAGGED IN PLACE - not deleted, not rounded",YES,"g this exact intersection is: Catherine Field is mid-transition. On one street it is a 4.5m urban crossover to Camden's 32 MPa, 125mm, SL72 standard; two streets over it is an RU acreage lot needing a Council standard dish crossing aligned to the table drain invert plus a bitumen"
32 MPa,template-artefact-unattested,1,105,concrete-driveways-south-west-sydney,service,publish,no,1,NO,NO,"FLAGGED IN PLACE - not deleted, not rounded",YES,"d site identity; new-driveway scope keeps it open. The recorded council specification is reproduced without alteration: 32 MPa, 125mm, SL72 fabric, 4.0-5.5m urban width, 1200mm footpath allocation (900mm offset; 800mm in Oran Park), 4% footpath crossfall, 1:6 max batter. The evid"
32 MPa,template-artefact-unattested,1,178,concrete-paths-south-west-sydney,service,publish,no,1,NO,NO,"FLAGGED IN PLACE - not deleted, not rounded",YES,"d site identity; pathway-work scope keeps it open. The recorded council specification is reproduced without alteration: 32 MPa, 125mm, SL72 fabric, 4.0-5.5m urban width, 1200mm footpath allocation (900mm offset; 800mm in Oran Park), 4% footpath crossfall, 1:6 max batter. pathway-"
32 MPa,template-artefact-unattested,1,195,concrete-patios-south-west-sydney,service,publish,no,1,NO,NO,"FLAGGED IN PLACE - not deleted, not rounded",YES,"site identity; alfresco-slab scope keeps it open. The recorded council specification is reproduced without alteration: 32 MPa, 125mm, SL72 fabric, 4.0-5.5m urban width, 1200mm footpath allocation (900mm offset; 800mm in Oran Park), 4% footpath crossfall, 1:6 max batter. alfresco"
32 MPa,template-artefact-unattested,1,163,concrete-slabs-south-west-sydney,service,publish,no,1,NO,NO,"FLAGGED IN PLACE - not deleted, not rounded",YES,"te identity; residential-slab scope keeps it open. The recorded council specification is reproduced without alteration: 32 MPa, 125mm, SL72 fabric, 4.0-5.5m urban width, 1200mm footpath allocation (900mm offset; 800mm in Oran Park), 4% footpath crossfall, 1:6 max batter. The evid"
32 MPa,template-artefact-unattested,4,1371,concreters-catherine-field,suburb,draft,no,3 pending Stage 27,NO,NO,"FLAGGED IN PLACE - not deleted, not rounded",YES,ters Catherine Field Catherine Field is mid-transition. On one street you're pouring a 4.5m urban crossover to Camden's 32 MPa / 125mm / SL72 standard; two streets over you're on an RU acreage lot where Council requires a standard concrete dish crossing aligned to the table drain
32 MPa,template-artefact-unattested,1,1379,concreters-cobbitty,suburb,draft,no,none — unresearched,NO,NO,"FLAGGED IN PLACE - not deleted, not rounded",YES,"by approval only. Bitumen shoulder seal required. The recorded council specification is reproduced without alteration: 32 MPa, 125mm, SL72 fabric, 4.0-5.5m urban width, 1200mm footpath allocation (900mm offset; 800mm in Oran Park), 4% footpath crossfall, 1:6 max batter. Before c"
32 MPa,template-artefact-unattested,1,1376,concreters-currans-hill,suburb,draft,no,none — unresearched,NO,NO,"FLAGGED IN PLACE - not deleted, not rounded",YES,"ication where the crossover is altered or widened. The recorded council specification is reproduced without alteration: 32 MPa, 125mm, SL72 fabric, 4.0-5.5m urban width, 1200mm footpath allocation (900mm offset; 800mm in Oran Park), 4% footpath crossfall, 1:6 max batter. Before c"
32 MPa,template-artefact-unattested,1,1378,concreters-elderslie,suburb,draft,no,3 pending Stage 27,NO,NO,"FLAGGED IN PLACE - not deleted, not rounded",YES,"rossing Application for new or altered crossovers. The recorded council specification is reproduced without alteration: 32 MPa, 125mm, SL72 fabric, 4.0-5.5m urban width, 1200mm footpath allocation (900mm offset; 800mm in Oran Park), 4% footpath crossfall, 1:6 max batter. Before c"
32 MPa,template-artefact-unattested,1,1370,concreters-gledswood-hills,suburb,publish,no,1,NO,NO,"FLAGGED IN PLACE - not deleted, not rounded",YES,"eway finish before a plain broom finish is quoted. The recorded council specification is reproduced without alteration: 32 MPa, 125mm, SL72 fabric, 4.0-5.5m urban width, 1200mm footpath allocation (900mm offset; 800mm in Oran Park), 4% footpath crossfall, 1:6 max batter. For cros"
32 MPa,template-artefact-unattested,1,969,concreters-gregory-hills,suburb,publish,no,1,NO,NO,"FLAGGED IN PLACE - not deleted, not rounded",YES,"tion, plus any DA conditions attached to the site. The recorded council specification is reproduced without alteration: 32 MPa, 125mm, SL72 fabric, 4.0-5.5m urban width, 1200mm footpath allocation (900mm offset; 800mm in Oran Park), 4% footpath crossfall, 1:6 max batter. Before c"
32 MPa,template-artefact-unattested,1,1126,concreters-harrington-park,suburb,publish,no,1,NO,NO,"FLAGGED IN PLACE - not deleted, not rounded",YES,"y generally does not, but confirm before starting. The recorded council specification is reproduced without alteration: 32 MPa, 125mm, SL72 fabric, 4.0-5.5m urban width, 1200mm footpath allocation (900mm offset; 800mm in Oran Park), 4% footpath crossfall, 1:6 max batter. Before c"
32 MPa,template-artefact-unattested,1,1375,concreters-mount-annan,suburb,draft,no,3 pending Stage 27,NO,NO,"FLAGGED IN PLACE - not deleted, not rounded",YES,"s — Camden Standard Driveway Crossing Application. The recorded council specification is reproduced without alteration: 32 MPa, 125mm, SL72 fabric, 4.0-5.5m urban width, 1200mm footpath allocation (900mm offset; 800mm in Oran Park), 4% footpath crossfall, 1:6 max batter. Before c"
32 MPa,template-artefact-unattested,1,1372,concreters-narellan,suburb,draft,no,3 pending Stage 27,NO,NO,"FLAGGED IN PLACE - not deleted, not rounded",YES,"ossings use the Non-Standard Driveway Application. The recorded council specification is reproduced without alteration: 32 MPa, 125mm, SL72 fabric, 4.0-5.5m urban width, 1200mm footpath allocation (900mm offset; 800mm in Oran Park), 4% footpath crossfall, 1:6 max batter. Before c"
32 MPa,template-artefact-unattested,2,474,concreters-oran-park,suburb,publish,no,1,NO,NO,"FLAGGED IN PLACE - not deleted, not rounded",YES,"han lying on the dirt — mesh on the ground does almost nothing. Camden Council specifies SL72 fabric in a 125mm slab at 32 MPa for a residential crossing, and that's the standard we build the whole driveway to, not just the section on council land. The Oran Park evidence register"
32 MPa,template-artefact-unattested,1,1377,concreters-spring-farm,suburb,draft,no,3 pending Stage 27,NO,NO,"FLAGGED IN PLACE - not deleted, not rounded",YES,"explanation of why the standard spec can't be met. The recorded council specification is reproduced without alteration: 32 MPa, 125mm, SL72 fabric, 4.0-5.5m urban width, 1200mm footpath allocation (900mm offset; 800mm in Oran Park), 4% footpath crossfall, 1:6 max batter. Before c"
32 MPa,template-artefact-unattested,1,922,decorative-concrete-south-west-sydney,service,publish,no,1,NO,NO,"FLAGGED IN PLACE - not deleted, not rounded",YES,"e identity; decorative-finish scope keeps it open. The recorded council specification is reproduced without alteration: 32 MPa, 125mm, SL72 fabric, 4.0-5.5m urban width, 1200mm footpath allocation (900mm offset; 800mm in Oran Park), 4% footpath crossfall, 1:6 max batter. The evid"
32 MPa,template-artefact-unattested,1,129,exposed-aggregate-south-west-sydney,service,publish,no,1,NO,NO,"FLAGGED IN PLACE - not deleted, not rounded",YES,"te identity; aggregate-finish scope keeps it open. The recorded council specification is reproduced without alteration: 32 MPa, 125mm, SL72 fabric, 4.0-5.5m urban width, 1200mm footpath allocation (900mm offset; 800mm in Oran Park), 4% footpath crossfall, 1:6 max batter. aggregat"
32 MPa,template-artefact-unattested,1,12,homepage,home,publish,no,1,NO,NO,"FLAGGED IN PLACE - not deleted, not rounded",YES,"area instead of assumed from the suburb name. For a Camden Council residential crossing, the recorded specification is 32 MPa concrete, 125mm thickness, SL72 fabric, 4.0-5.5m urban width, a 1200mm footpath allocation, 4% crossfall and a maximum 1:6 batter. Tier 1 service areas a"
32 MPa,template-artefact-unattested,1,1367,shed-and-garage-slabs-south-west-sydney,service,publish,no,1,NO,NO,"FLAGGED IN PLACE - not deleted, not rounded",YES,"lved site identity; shed-slab scope keeps it open. The recorded council specification is reproduced without alteration: 32 MPa, 125mm, SL72 fabric, 4.0-5.5m urban width, 1200mm footpath allocation (900mm offset; 800mm in Oran Park), 4% footpath crossfall, 1:6 max batter. shed-sla"
SL72,template-artefact-unattested,1,706,camden-council-driveway-crossing,guide,draft,YES,none — WITHDRAWN (D21),NO,NO,"FLAGGED IN PLACE - not deleted, not rounded",YES,"on is retained verbatim. Camden Council's recorded urban residential specification is 32 MPa concrete, 125mm thickness, SL72 fabric, 4.0-5.5m width, a 1200mm footpath allocation, 4% crossfall and maximum 1:6 batter. camden-council-driveway-guide lists decision owner; camden-counc"
SL72,template-artefact-unattested,1,1369,commercial-concreting-south-west-sydney,service,publish,no,1,NO,NO,"FLAGGED IN PLACE - not deleted, not rounded",YES,"hardstand-work scope keeps it open. The recorded council specification is reproduced without alteration: 32 MPa, 125mm, SL72 fabric, 4.0-5.5m urban width, 1200mm footpath allocation (900mm offset; 800mm in Oran Park), 4% footpath crossfall, 1:6 max batter. hardstand-work scope tr"
SL72,template-artefact-unattested,1,1368,concrete-crossovers-and-laybacks-south-west-sydney,service,publish,no,1,NO,NO,"FLAGGED IN PLACE - not deleted, not rounded",YES,"crossover-work scope keeps it open. The recorded council specification is reproduced without alteration: 32 MPa, 125mm, SL72 fabric, 4.0-5.5m urban width, 1200mm footpath allocation (900mm offset; 800mm in Oran Park), 4% footpath crossfall, 1:6 max batter. The evidence behind thi"
SL72,template-artefact-unattested,1,1366,concrete-driveway-replacement-south-west-sydney,service,publish,no,1,NO,NO,"FLAGGED IN PLACE - not deleted, not rounded",YES,"ement-driveway scope keeps it open. The recorded council specification is reproduced without alteration: 32 MPa, 125mm, SL72 fabric, 4.0-5.5m urban width, 1200mm footpath allocation (900mm offset; 800mm in Oran Park), 4% footpath crossfall, 1:6 max batter. The evidence behind thi"
SL72,template-artefact-unattested,1,1485,concrete-driveways-catherine-field,intersection,draft,YES,none — WITHDRAWN (D16),NO,NO,"FLAGGED IN PLACE - not deleted, not rounded",YES,"tersection is: Catherine Field is mid-transition. On one street it is a 4.5m urban crossover to Camden's 32 MPa, 125mm, SL72 standard; two streets over it is an RU acreage lot needing a Council standard dish crossing aligned to the table drain invert plus a bitumen shoulder seal"
SL72,template-artefact-unattested,1,105,concrete-driveways-south-west-sydney,service,publish,no,1,NO,NO,"FLAGGED IN PLACE - not deleted, not rounded",YES,"; new-driveway scope keeps it open. The recorded council specification is reproduced without alteration: 32 MPa, 125mm, SL72 fabric, 4.0-5.5m urban width, 1200mm footpath allocation (900mm offset; 800mm in Oran Park), 4% footpath crossfall, 1:6 max batter. The evidence behind thi"
SL72,template-artefact-unattested,1,178,concrete-paths-south-west-sydney,service,publish,no,1,NO,NO,"FLAGGED IN PLACE - not deleted, not rounded",YES,"; pathway-work scope keeps it open. The recorded council specification is reproduced without alteration: 32 MPa, 125mm, SL72 fabric, 4.0-5.5m urban width, 1200mm footpath allocation (900mm offset; 800mm in Oran Park), 4% footpath crossfall, 1:6 max batter. pathway-work scope trac"
SL72,template-artefact-unattested,1,195,concrete-patios-south-west-sydney,service,publish,no,1,NO,NO,"FLAGGED IN PLACE - not deleted, not rounded",YES,"alfresco-slab scope keeps it open. The recorded council specification is reproduced without alteration: 32 MPa, 125mm, SL72 fabric, 4.0-5.5m urban width, 1200mm footpath allocation (900mm offset; 800mm in Oran Park), 4% footpath crossfall, 1:6 max batter. alfresco-slab scope log"
SL72,template-artefact-unattested,2,163,concrete-slabs-south-west-sydney,service,publish,no,1,NO,NO,"FLAGGED IN PLACE - not deleted, not rounded",YES,"sidential-slab scope keeps it open. The recorded council specification is reproduced without alteration: 32 MPa, 125mm, SL72 fabric, 4.0-5.5m urban width, 1200mm footpath allocation (900mm offset; 800mm in Oran Park), 4% footpath crossfall, 1:6 max batter. The evidence behind thi"
SL72,template-artefact-unattested,4,1371,concreters-catherine-field,suburb,draft,no,3 pending Stage 27,NO,NO,"FLAGGED IN PLACE - not deleted, not rounded",YES,eld Catherine Field is mid-transition. On one street you're pouring a 4.5m urban crossover to Camden's 32 MPa / 125mm / SL72 standard; two streets over you're on an RU acreage lot where Council requires a standard concrete dish crossing aligned to the table drain invert and a bit
SL72,template-artefact-unattested,1,1379,concreters-cobbitty,suburb,draft,no,none — unresearched,NO,NO,"FLAGGED IN PLACE - not deleted, not rounded",YES,"ly. Bitumen shoulder seal required. The recorded council specification is reproduced without alteration: 32 MPa, 125mm, SL72 fabric, 4.0-5.5m urban width, 1200mm footpath allocation (900mm offset; 800mm in Oran Park), 4% footpath crossfall, 1:6 max batter. Before crossover work i"
SL72,template-artefact-unattested,1,1376,concreters-currans-hill,suburb,draft,no,none — unresearched,NO,NO,"FLAGGED IN PLACE - not deleted, not rounded",YES,"he crossover is altered or widened. The recorded council specification is reproduced without alteration: 32 MPa, 125mm, SL72 fabric, 4.0-5.5m urban width, 1200mm footpath allocation (900mm offset; 800mm in Oran Park), 4% footpath crossfall, 1:6 max batter. Before crossover work i"
SL72,template-artefact-unattested,1,1378,concreters-elderslie,suburb,draft,no,3 pending Stage 27,NO,NO,"FLAGGED IN PLACE - not deleted, not rounded",YES,"tion for new or altered crossovers. The recorded council specification is reproduced without alteration: 32 MPa, 125mm, SL72 fabric, 4.0-5.5m urban width, 1200mm footpath allocation (900mm offset; 800mm in Oran Park), 4% footpath crossfall, 1:6 max batter. Before crossover work i"
SL72,template-artefact-unattested,1,1370,concreters-gledswood-hills,suburb,publish,no,1,NO,NO,"FLAGGED IN PLACE - not deleted, not rounded",YES,"ore a plain broom finish is quoted. The recorded council specification is reproduced without alteration: 32 MPa, 125mm, SL72 fabric, 4.0-5.5m urban width, 1200mm footpath allocation (900mm offset; 800mm in Oran Park), 4% footpath crossfall, 1:6 max batter. For crossover work in G"
SL72,template-artefact-unattested,1,969,concreters-gregory-hills,suburb,publish,no,1,NO,NO,"FLAGGED IN PLACE - not deleted, not rounded",YES,"DA conditions attached to the site. The recorded council specification is reproduced without alteration: 32 MPa, 125mm, SL72 fabric, 4.0-5.5m urban width, 1200mm footpath allocation (900mm offset; 800mm in Oran Park), 4% footpath crossfall, 1:6 max batter. Before crossover work i"
SL72,template-artefact-unattested,1,1126,concreters-harrington-park,suburb,publish,no,1,NO,NO,"FLAGGED IN PLACE - not deleted, not rounded",YES,"s not, but confirm before starting. The recorded council specification is reproduced without alteration: 32 MPa, 125mm, SL72 fabric, 4.0-5.5m urban width, 1200mm footpath allocation (900mm offset; 800mm in Oran Park), 4% footpath crossfall, 1:6 max batter. Before crossover work i"
SL72,template-artefact-unattested,1,1375,concreters-mount-annan,suburb,draft,no,3 pending Stage 27,NO,NO,"FLAGGED IN PLACE - not deleted, not rounded",YES,"dard Driveway Crossing Application. The recorded council specification is reproduced without alteration: 32 MPa, 125mm, SL72 fabric, 4.0-5.5m urban width, 1200mm footpath allocation (900mm offset; 800mm in Oran Park), 4% footpath crossfall, 1:6 max batter. Before crossover work i"
SL72,template-artefact-unattested,1,1372,concreters-narellan,suburb,draft,no,3 pending Stage 27,NO,NO,"FLAGGED IN PLACE - not deleted, not rounded",YES,"Non-Standard Driveway Application. The recorded council specification is reproduced without alteration: 32 MPa, 125mm, SL72 fabric, 4.0-5.5m urban width, 1200mm footpath allocation (900mm offset; 800mm in Oran Park), 4% footpath crossfall, 1:6 max batter. Before crossover work i"
SL72,template-artefact-unattested,2,474,concreters-oran-park,suburb,publish,no,1,NO,NO,"FLAGGED IN PLACE - not deleted, not rounded",YES,"l sits inside the slab rather than lying on the dirt — mesh on the ground does almost nothing. Camden Council specifies SL72 fabric in a 125mm slab at 32 MPa for a residential crossing, and that's the standard we build the whole driveway to, not just the section on council land."
SL72,template-artefact-unattested,1,1377,concreters-spring-farm,suburb,draft,no,3 pending Stage 27,NO,NO,"FLAGGED IN PLACE - not deleted, not rounded",YES,"why the standard spec can't be met. The recorded council specification is reproduced without alteration: 32 MPa, 125mm, SL72 fabric, 4.0-5.5m urban width, 1200mm footpath allocation (900mm offset; 800mm in Oran Park), 4% footpath crossfall, 1:6 max batter. Before crossover work i"
SL72,template-artefact-unattested,1,922,decorative-concrete-south-west-sydney,service,publish,no,1,NO,NO,"FLAGGED IN PLACE - not deleted, not rounded",YES,"orative-finish scope keeps it open. The recorded council specification is reproduced without alteration: 32 MPa, 125mm, SL72 fabric, 4.0-5.5m urban width, 1200mm footpath allocation (900mm offset; 800mm in Oran Park), 4% footpath crossfall, 1:6 max batter. The evidence behind thi"
SL72,template-artefact-unattested,1,129,exposed-aggregate-south-west-sydney,service,publish,no,1,NO,NO,"FLAGGED IN PLACE - not deleted, not rounded",YES,"gregate-finish scope keeps it open. The recorded council specification is reproduced without alteration: 32 MPa, 125mm, SL72 fabric, 4.0-5.5m urban width, 1200mm footpath allocation (900mm offset; 800mm in Oran Park), 4% footpath crossfall, 1:6 max batter. aggregate-finish scope"
SL72,template-artefact-unattested,2,1502,guides,guide_hub,draft,YES,none — WITHDRAWN (D21),NO,NO,"FLAGGED IN PLACE - not deleted, not rounded",YES,s. Concrete Strength Grades Explained — Concrete strength grades explained without substituting them for design advice. SL72 vs SL82 Reinforcement — The documented design questions behind SL72 and SL82 mesh selection. Slab Thickness for Driveways vs Sheds — How intended loading a
SL72,template-artefact-unattested,1,12,homepage,home,publish,no,1,NO,NO,"FLAGGED IN PLACE - not deleted, not rounded",YES,"suburb name. For a Camden Council residential crossing, the recorded specification is 32 MPa concrete, 125mm thickness, SL72 fabric, 4.0-5.5m urban width, a 1200mm footpath allocation, 4% crossfall and a maximum 1:6 batter. Tier 1 service areas are Oran Park , Leppington , Gregor"
SL72,template-artefact-unattested,1,1367,shed-and-garage-slabs-south-west-sydney,service,publish,no,1,NO,NO,"FLAGGED IN PLACE - not deleted, not rounded",YES,"ity; shed-slab scope keeps it open. The recorded council specification is reproduced without alteration: 32 MPa, 125mm, SL72 fabric, 4.0-5.5m urban width, 1200mm footpath allocation (900mm offset; 800mm in Oran Park), 4% footpath crossfall, 1:6 max batter. shed-slab scope documen"
SL72,template-artefact-unattested,105,1435,sl72-vs-sl82-reinforcement,guide,draft,YES,none — WITHDRAWN (D21),NO,NO,"FLAGGED IN PLACE - not deleted, not rounded",YES,SL72 vs SL82 Reinforcement sl72-vs-sl82-guide maps scope boundary; sl72-vs-sl82-guide leaves an audit trail. sl72-vs-sl82-guide maps the exact; sl72-vs-sl82-gui
SL82,template-artefact-unattested,1,163,concrete-slabs-south-west-sydney,service,publish,no,1,NO,NO,"FLAGGED IN PLACE - not deleted, not rounded",YES,unresolved intended use; residential-slab scope keeps it open. The evidence behind this decision is set out in SL72 vs SL82 Reinforcement before it is applied to a project scope. Finish and curing for concrete slabs residential-slab scope cites traffic pattern; residential-slab
SL82,template-artefact-unattested,2,1502,guides,guide_hub,draft,YES,none — WITHDRAWN (D21),NO,NO,"FLAGGED IN PLACE - not deleted, not rounded",YES,ete Strength Grades Explained — Concrete strength grades explained without substituting them for design advice. SL72 vs SL82 Reinforcement — The documented design questions behind SL72 and SL82 mesh selection. Slab Thickness for Driveways vs Sheds — How intended loading and suppo
SL82,template-artefact-unattested,105,1435,sl72-vs-sl82-reinforcement,guide,draft,YES,none — WITHDRAWN (D21),NO,NO,"FLAGGED IN PLACE - not deleted, not rounded",YES,SL72 vs SL82 Reinforcement sl72-vs-sl82-guide maps scope boundary; sl72-vs-sl82-guide leaves an audit trail. sl72-vs-sl82-guide maps the exact; sl72-vs-sl82-guide leave
