slug,path,title
concreters-oran-park,/concreters-oran-park/,Concreters Oran Park
concreters-leppington,/concreters-leppington/,Concreters Leppington
concreters-gregory-hills,/concreters-gregory-hills/,Concreters Gregory Hills
concreters-gledswood-hills,/concreters-gledswood-hills/,Concreters Gledswood Hills
concreters-austral,/concreters-austral/,Concreters Austral
concreters-harrington-park,/concreters-harrington-park/,Concreters Harrington Park
homepage,/,Concreters Camden
contact,/contact/,Contact Structure Co Concreters Camden
quote,/quote/,Submit a Concreting Enquiry
about,/about/,About Structure Co Concreters Camden
gallery,/gallery/,Project Gallery — Deferred
concrete-driveways-south-west-sydney,/concrete-driveways-south-west-sydney/,Concrete Driveways South West Sydney
concrete-driveway-replacement-south-west-sydney,/concrete-driveway-replacement-south-west-sydney/,Concrete Driveway Replacement South West Sydney
concrete-slabs-south-west-sydney,/concrete-slabs-south-west-sydney/,Concrete Slabs South West Sydney
shed-and-garage-slabs-south-west-sydney,/shed-and-garage-slabs-south-west-sydney/,Shed and Garage Slabs South West Sydney
exposed-aggregate-south-west-sydney,/exposed-aggregate-south-west-sydney/,Exposed Aggregate Concrete South West Sydney
decorative-concrete-south-west-sydney,/decorative-concrete-south-west-sydney/,Decorative Concrete South West Sydney
concrete-patios-south-west-sydney,/concrete-patios-south-west-sydney/,Concrete Patios and Alfresco Slabs South West Sydney
concrete-paths-south-west-sydney,/concrete-paths-south-west-sydney/,Concrete Paths and Pathways South West Sydney
concrete-crossovers-and-laybacks-south-west-sydney,/concrete-crossovers-and-laybacks-south-west-sydney/,Concrete Crossovers and Laybacks South West Sydney
commercial-concreting-south-west-sydney,/commercial-concreting-south-west-sydney/,Commercial Concreting South West Sydney
concreters-appin,/concreters-appin/,Concreters Appin
concreters-bargo,/concreters-bargo/,Concreters Bargo
concreters-bradbury,/concreters-bradbury/,Concreters Bradbury
concreters-bringelly,/concreters-bringelly/,Concreters Bringelly
concreters-camden-park,/concreters-camden-park/,Concreters Camden Park
concreters-camden-south,/concreters-camden-south/,Concreters Camden South
concreters-campbelltown,/concreters-campbelltown/,Concreters Campbelltown
concreters-carnes-hill,/concreters-carnes-hill/,Concreters Carnes Hill
concreters-casula,/concreters-casula/,Concreters Casula
concreters-catherine-field,/concreters-catherine-field/,Concreters Catherine Field
concreters-cawdor,/concreters-cawdor/,Concreters Cawdor
concreters-cecil-hills,/concreters-cecil-hills/,Concreters Cecil Hills
concreters-cecil-park,/concreters-cecil-park/,Concreters Cecil Park
concreters-chipping-norton,/concreters-chipping-norton/,Concreters Chipping Norton
concreters-cobbitty,/concreters-cobbitty/,Concreters Cobbitty
concreters-currans-hill,/concreters-currans-hill/,Concreters Currans Hill
concreters-douglas-park,/concreters-douglas-park/,Concreters Douglas Park
concreters-eagle-vale,/concreters-eagle-vale/,Concreters Eagle Vale
concreters-edmondson-park,/concreters-edmondson-park/,Concreters Edmondson Park
concreters-elderslie,/concreters-elderslie/,Concreters Elderslie
concreters-elizabeth-hills,/concreters-elizabeth-hills/,Concreters Elizabeth Hills
concreters-ellis-lane,/concreters-ellis-lane/,Concreters Ellis Lane
concreters-gilead,/concreters-gilead/,Concreters Gilead
concreters-glen-alpine,/concreters-glen-alpine/,Concreters Glen Alpine
concreters-glenfield,/concreters-glenfield/,Concreters Glenfield
concreters-grasmere,/concreters-grasmere/,Concreters Grasmere
concreters-horningsea-park,/concreters-horningsea-park/,Concreters Horningsea Park
concreters-hoxton-park,/concreters-hoxton-park/,Concreters Hoxton Park
concreters-ingleburn,/concreters-ingleburn/,Concreters Ingleburn
concreters-kemps-creek,/concreters-kemps-creek/,Concreters Kemps Creek
concreters-kirkham,/concreters-kirkham/,Concreters Kirkham
concreters-len-waters-estate,/concreters-len-waters-estate/,Concreters Len Waters Estate
concreters-leumeah,/concreters-leumeah/,Concreters Leumeah
concreters-macquarie-fields,/concreters-macquarie-fields/,Concreters Macquarie Fields
concreters-menangle-park,/concreters-menangle-park/,Concreters Menangle Park
concreters-menangle,/concreters-menangle/,Concreters Menangle
concreters-middleton-grange,/concreters-middleton-grange/,Concreters Middleton Grange
concreters-minto,/concreters-minto/,Concreters Minto
concreters-moorebank,/concreters-moorebank/,Concreters Moorebank
concreters-mount-annan,/concreters-mount-annan/,Concreters Mount Annan
concreters-narellan-vale,/concreters-narellan-vale/,Concreters Narellan Vale
concreters-narellan,/concreters-narellan/,Concreters Narellan
concreters-picton,/concreters-picton/,Concreters Picton
concreters-prestons,/concreters-prestons/,Concreters Prestons
concreters-raby,/concreters-raby/,Concreters Raby
concreters-rossmore,/concreters-rossmore/,Concreters Rossmore
concreters-smeaton-grange,/concreters-smeaton-grange/,Concreters Smeaton Grange
concreters-spring-farm,/concreters-spring-farm/,Concreters Spring Farm
concreters-tahmoor,/concreters-tahmoor/,Concreters Tahmoor
concreters-the-oaks,/concreters-the-oaks/,Concreters The Oaks
concreters-theresa-park,/concreters-theresa-park/,Concreters Theresa Park
concreters-wattle-grove,/concreters-wattle-grove/,Concreters Wattle Grove
concreters-west-hoxton,/concreters-west-hoxton/,Concreters West Hoxton
concreters-wilton,/concreters-wilton/,Concreters Wilton
privacy-policy,/privacy-policy/,Privacy Policy
