suburb	title	title_len	meta	meta_len	postcode
appin	Concreters Appin | Driveways, Slabs & Crossovers	48	Concreting in Appin and across South West Sydney — driveways, shed and garage slabs, paths and outdoor areas. Tell us about the site and timing for a quote.	156	2560
bargo	Concreters Bargo | Driveways, Slabs & Crossovers	48	Concreting in Bargo and across South West Sydney — driveways, shed and garage slabs, paths and outdoor areas. Tell us about the site and timing for a quote.	156	2574
bradbury	Concreters Bradbury | Driveways, Slabs & Crossovers	51	Concreting in Bradbury and across South West Sydney — driveways, shed and garage slabs, paths and outdoor areas. Send the site details and timing for a quote.	158	2560
camden-park	Concreters Camden Park | Driveways, Slabs & Crossovers	54	Concreting in Camden Park and across South West Sydney — driveways, shed and garage slabs, paths and outdoor areas. Get the local context and a real quote.	155	2570
camden-south	Concreters Camden South | Driveways, Slabs & Crossovers	55	Concreting in Camden South and across South West Sydney — driveways, shed and garage slabs, paths and outdoor areas. Get the local context and a real quote.	156	2570
campbelltown	Concreters Campbelltown | Driveways, Slabs & Crossovers	55	Concreting in Campbelltown and across South West Sydney — driveways, shed and garage slabs, paths and outdoor areas. Get the local context and a real quote.	156	2560
carnes-hill	Concreters Carnes Hill | Driveways, Slabs & Crossovers	54	Concreting in Carnes Hill and across South West Sydney — driveways, shed and garage slabs, paths and outdoor areas. Get the local context and a real quote.	155	2171
casula	Concreters Casula | Driveways, Slabs & Crossovers	49	Concreting in Casula and across South West Sydney — driveways, shed and garage slabs, paths and outdoor areas. Tell us about the site and timing for a quote.	157	2170
cawdor	Concreters Cawdor | Driveways, Slabs & Crossovers	49	Concreting in Cawdor and across South West Sydney — driveways, shed and garage slabs, paths and outdoor areas. Tell us about the site and timing for a quote.	157	2570
cecil-hills	Concreters Cecil Hills | Driveways, Slabs & Crossovers	54	Concreting in Cecil Hills and across South West Sydney — driveways, shed and garage slabs, paths and outdoor areas. Get the local context and a real quote.	155	2171
cecil-park	Concreters Cecil Park | Driveways, Slabs & Crossovers	53	Concreting in Cecil Park and across South West Sydney — driveways, shed and garage slabs, paths and outdoor areas. Send the details and we will quote the job.	158	—
chipping-norton	Concreters Chipping Norton | Driveways, Slabs & Crossovers	58	Concreting in Chipping Norton and across South West Sydney — driveways, shed and garage slabs, paths and outdoor areas. Send the site details and get a quote.	158	—
douglas-park	Concreters Douglas Park | Driveways, Slabs & Crossovers	55	Concreting in Douglas Park and across South West Sydney — driveways, shed and garage slabs, paths and outdoor areas. Get the local context and a real quote.	156	2569
eagle-vale	Concreters Eagle Vale | Driveways, Slabs & Crossovers	53	Concreting in Eagle Vale and across South West Sydney — driveways, shed and garage slabs, paths and outdoor areas. Send the details and we will quote the job.	158	2558
elizabeth-hills	Concreters Elizabeth Hills | Driveways, Slabs & Crossovers	58	Concreting in Elizabeth Hills and across South West Sydney — driveways, shed and garage slabs, paths and outdoor areas. Send the site details and get a quote.	158	2171
ellis-lane	Concreters Ellis Lane | Driveways, Slabs & Crossovers	53	Concreting in Ellis Lane and across South West Sydney — driveways, shed and garage slabs, paths and outdoor areas. Send the details and we will quote the job.	158	2570
gilead	Concreters Gilead | Driveways, Slabs & Crossovers	49	Concreting in Gilead and across South West Sydney — driveways, shed and garage slabs, paths and outdoor areas. Tell us about the site and timing for a quote.	157	2560
glen-alpine	Concreters Glen Alpine | Driveways, Slabs & Crossovers	54	Concreting in Glen Alpine and across South West Sydney — driveways, shed and garage slabs, paths and outdoor areas. Get the local context and a real quote.	155	—
glenfield	Concreters Glenfield | Driveways, Slabs & Crossovers	52	Concreting in Glenfield and across South West Sydney — driveways, shed and garage slabs, paths and outdoor areas. Tell us about the site and we will quote it.	158	2167
grasmere	Concreters Grasmere | Driveways, Slabs & Crossovers	51	Concreting in Grasmere and across South West Sydney — driveways, shed and garage slabs, paths and outdoor areas. Send the site details and timing for a quote.	158	2570
horningsea-park	Concreters Horningsea Park | Driveways, Slabs & Crossovers	58	Concreting in Horningsea Park and across South West Sydney — driveways, shed and garage slabs, paths and outdoor areas. Send the site details and get a quote.	158	2171
hoxton-park	Concreters Hoxton Park | Driveways, Slabs & Crossovers	54	Concreting in Hoxton Park and across South West Sydney — driveways, shed and garage slabs, paths and outdoor areas. Get the local context and a real quote.	155	2171
ingleburn	Concreters Ingleburn | Driveways, Slabs & Crossovers	52	Concreting in Ingleburn and across South West Sydney — driveways, shed and garage slabs, paths and outdoor areas. Tell us about the site and we will quote it.	158	2565
kemps-creek	Concreters Kemps Creek | Driveways, Slabs & Crossovers	54	Concreting in Kemps Creek and across South West Sydney — driveways, shed and garage slabs, paths and outdoor areas. Get the local context and a real quote.	155	2178
kirkham	Concreters Kirkham | Driveways, Slabs & Crossovers	50	Concreting in Kirkham and across South West Sydney — driveways, shed and garage slabs, paths and outdoor areas. Tell us about the site and timing for a quote.	158	2570
len-waters-estate	Concreters Len Waters Estate | Driveways, Slabs & Crossovers	60	Concreting in Len Waters Estate and across South West Sydney — driveways, shed and garage slabs, paths and outdoor areas. Request a quote for the actual site.	158	2171
leumeah	Concreters Leumeah | Driveways, Slabs & Crossovers	50	Concreting in Leumeah and across South West Sydney — driveways, shed and garage slabs, paths and outdoor areas. Tell us about the site and timing for a quote.	158	2560
macquarie-fields	Concreters Macquarie Fields | Driveways, Slabs & Crossovers	59	Concreting in Macquarie Fields and across South West Sydney — driveways, shed and garage slabs, paths and outdoor areas. Ask us for local context and a price.	158	2564
menangle-park	Concreters Menangle Park | Driveways, Slabs & Crossovers	56	Concreting in Menangle Park and across South West Sydney — driveways, shed and garage slabs, paths and outdoor areas. Get the local context and a real quote.	157	2563
menangle	Concreters Menangle | Driveways, Slabs & Crossovers	51	Concreting in Menangle and across South West Sydney — driveways, shed and garage slabs, paths and outdoor areas. Send the site details and timing for a quote.	158	2568
middleton-grange	Concreters Middleton Grange | Driveways, Slabs & Crossovers	59	Concreting in Middleton Grange and across South West Sydney — driveways, shed and garage slabs, paths and outdoor areas. Ask us for local context and a price.	158	2171
minto	Concreters Minto | Driveways, Slabs & Crossovers	48	Concreting in Minto and across South West Sydney — driveways, shed and garage slabs, paths and outdoor areas. Tell us about the site and timing for a quote.	156	2566
moorebank	Concreters Moorebank | Driveways, Slabs & Crossovers	52	Concreting in Moorebank and across South West Sydney — driveways, shed and garage slabs, paths and outdoor areas. Tell us about the site and we will quote it.	158	—
narellan-vale	Concreters Narellan Vale | Driveways, Slabs & Crossovers	56	Concreting in Narellan Vale and across South West Sydney — driveways, shed and garage slabs, paths and outdoor areas. Get the local context and a real quote.	157	2567
picton	Concreters Picton | Driveways, Slabs & Crossovers	49	Concreting in Picton and across South West Sydney — driveways, shed and garage slabs, paths and outdoor areas. Tell us about the site and timing for a quote.	157	2571
prestons	Concreters Prestons | Driveways, Slabs & Crossovers	51	Concreting in Prestons and across South West Sydney — driveways, shed and garage slabs, paths and outdoor areas. Send the site details and timing for a quote.	158	2170
raby	Concreters Raby | Driveways, Slabs & Crossovers	47	Concreting in Raby and across South West Sydney — driveways, shed and garage slabs, paths and outdoor areas. Tell us about the site and timing for a quote.	155	2566
rossmore	Concreters Rossmore | Driveways, Slabs & Crossovers	51	Concreting in Rossmore and across South West Sydney — driveways, shed and garage slabs, paths and outdoor areas. Send the site details and timing for a quote.	158	2557
smeaton-grange	Concreters Smeaton Grange | Driveways, Slabs & Crossovers	57	Concreting in Smeaton Grange and across South West Sydney — driveways, shed and garage slabs, paths and outdoor areas. Get the local context and a real quote.	158	2567
tahmoor	Concreters Tahmoor | Driveways, Slabs & Crossovers	50	Concreting in Tahmoor and across South West Sydney — driveways, shed and garage slabs, paths and outdoor areas. Tell us about the site and timing for a quote.	158	2573
the-oaks	Concreters The Oaks | Driveways, Slabs & Crossovers	51	Concreting in The Oaks and across South West Sydney — driveways, shed and garage slabs, paths and outdoor areas. Send the site details and timing for a quote.	158	2570
theresa-park	Concreters Theresa Park | Driveways, Slabs & Crossovers	55	Concreting in Theresa Park and across South West Sydney — driveways, shed and garage slabs, paths and outdoor areas. Get the local context and a real quote.	156	2570
wattle-grove	Concreters Wattle Grove | Driveways, Slabs & Crossovers	55	Concreting in Wattle Grove and across South West Sydney — driveways, shed and garage slabs, paths and outdoor areas. Get the local context and a real quote.	156	—
west-hoxton	Concreters West Hoxton | Driveways, Slabs & Crossovers	54	Concreting in West Hoxton and across South West Sydney — driveways, shed and garage slabs, paths and outdoor areas. Get the local context and a real quote.	155	2171
wilton	Concreters Wilton | Driveways, Slabs & Crossovers	49	Concreting in Wilton and across South West Sydney — driveways, shed and garage slabs, paths and outdoor areas. Tell us about the site and timing for a quote.	157	2571