attachment_id,current_filename,verdict,ship_action,target_filename,target_title,target_alt,usage_restriction
46,concrete-tesimonial-4-camden-46.webp,GENERIC,RENAME,exposed-aggregate-front-paths-46.webp,Exposed aggregate front paths,Exposed aggregate paths leading to a home's front entry,Decorative only; never customer evidence or recent work
52,concrete-testimonial-1-1-camden-52.webp,GENERIC,RENAME,fresh-concrete-pool-surround-52.webp,Fresh concrete beside a swimming pool,Freshly poured concrete beside a swimming pool,Decorative only; never customer evidence or recent work
49,concrete-testimonial-1-camden-49.webp,GENERIC,RENAME,fresh-concrete-pool-surround-49.webp,Fresh concrete beside a swimming pool,Freshly poured concrete beside a swimming pool,Decorative only; never customer evidence or recent work
51,concrete-testimonial-2-camden-51.webp,GENERIC,RENAME,concrete-stepping-slabs-garden-path-51.webp,Concrete stepping slabs in a garden,Concrete stepping slabs laid through a garden,Decorative only; never customer evidence or recent work
48,concrete-testimonial-3-camden-48.webp,GENERIC,RENAME,exposed-aggregate-residential-driveway-48.webp,Exposed aggregate residential driveway,Exposed aggregate driveway leading to a carport,Decorative only; never customer evidence or recent work
47,concrete-testimonial-6-camden-47.webp,GENERIC,RENAME,fresh-concrete-backyard-slab-47.webp,Fresh concrete backyard slab,Freshly poured concrete slab beside a two-storey home,Decorative only; never customer evidence or recent work
228,concretejob1camden-228.jpg,GENERIC,RENAME,fresh-concrete-side-yard-slab-228.jpg,Fresh concrete side-yard slab,Freshly poured concrete slab along a side boundary,Decorative only; never customer evidence or recent work
280,image-testemonials-camden-280.jpeg,UNUSABLE,EXCLUDE,,,,Remove every slot; do not replace
1067,verified-badge-e1784545689665-camden-1067.avif,UNUSABLE,EXCLUDE,,,,Remove every slot; do not replace or substitute another badge
